n_orders_in_system,n_express_orders_pct,avg_due_date_tightness,fraction_already_late,zone_utilization_avg,zone_utilization_std,bottleneck_zone,avg_remaining_proc_time,std_remaining_proc_time,throughput_last_30min,breakdown_flag,n_broken_stations,lunch_break_flag,surge_multiplier,batch_pending_flag,avg_priority_weight,max_tardiness_so_far,sla_breach_rate_current,disruption_intensity,queue_imbalance,job_mix_entropy,time_pressure_ratio,job_type_encoded,proc_time_next_station,remaining_proc_time,time_to_due,time_in_system,critical_ratio,station_queue_at_next,priority_score
1498.0,0.0,-83.87873077392578,0.6380823850631714,0.5282067656517029,0.34973639249801636,0.9723783731460571,35.92144012451172,7.095742702484131,0.0,1.0,1.0,0.0,0.800000011920929,0.0,1.2801485061645508,238.7436065673828,0.2402745932340622,0.15000000596046448,2.527362823486328,1.9103672504425049,0.7170830368995667,0.0,0.0,0.0,-102.12344360351562,222.12344360351562,999.0,0.0,0.9153084793117828
1498.0,0.0,-83.87873077392578,0.6380823850631714,0.5282067656517029,0.34973639249801636,0.9723783731460571,35.92144012451172,7.095742702484131,0.0,1.0,1.0,0.0,0.800000011920929,0.0,1.2801485061645508,238.7436065673828,0.2402745932340622,0.15000000596046448,2.527362823486328,1.9103672504425049,0.7170830368995667,0.0,0.0,0.0,-54.135108947753906,174.13511657714844,999.0,0.0,0.9166666666666667
1498.0,0.0,-83.87873077392578,0.6380823850631714,0.5282067656517029,0.34973639249801636,0.9723783731460571,35.92144012451172,7.095742702484131,0.0,1.0,1.0,0.0,0.800000011920929,0.0,1.2801485061645508,238.7436065673828,0.2402745932340622,0.15000000596046448,2.527362823486328,1.9103672504425049,0.7170830368995667,0.0,0.0,0.0,-88.38190460205078,208.3819122314453,999.0,0.0,0.9166666666666667
1498.0,0.0,-83.87873077392578,0.6380823850631714,0.5282067656517029,0.34973639249801636,0.9723783731460571,35.92144012451172,7.095742702484131,0.0,1.0,1.0,0.0,0.800000011920929,0.0,1.2801485061645508,238.7436065673828,0.2402745932340622,0.15000000596046448,2.527362823486328,1.9103672504425049,0.7170830368995667,0.0,0.0,0.0,-174.21719360351562,294.2171936035156,999.0,0.0,0.9102814558984373
1498.0,0.0,-83.87873077392578,0.6380823850631714,0.5282067656517029,0.34973639249801636,0.9723783731460571,35.92144012451172,7.095742702484131,0.0,1.0,1.0,0.0,0.800000011920929,0.0,1.2801485061645508,238.7436065673828,0.2402745932340622,0.15000000596046448,2.527362823486328,1.9103672504425049,0.7170830368995667,0.0,0.0,0.0,-172.4212646484375,292.4212646484375,999.0,0.0,0.9116619659878566
1498.0,0.0,-83.87873077392578,0.6380823850631714,0.5282067656517029,0.34973639249801636,0.9723783731460571,35.92144012451172,7.095742702484131,0.0,1.0,1.0,0.0,0.800000011920929,0.0,1.2801485061645508,238.7436065673828,0.2402745932340622,0.15000000596046448,2.527362823486328,1.9103672504425049,0.7170830368995667,4.0,0.0,0.0,-510.0751037597656,570.0751342773438,999.0,0.0,1.0
1498.0,0.0,-83.87873077392578,0.6380823850631714,0.5282067656517029,0.34973639249801636,0.9723783731460571,35.92144012451172,7.095742702484131,0.0,1.0,1.0,0.0,0.800000011920929,0.0,1.2801485061645508,238.7436065673828,0.2402745932340622,0.15000000596046448,2.527362823486328,1.9103672504425049,0.7170830368995667,0.0,0.0,0.0,-124.48926544189453,244.48927307128906,999.0,0.0,0.9166666666666667
1498.0,0.0,-83.87873077392578,0.6380823850631714,0.5282067656517029,0.34973639249801636,0.9723783731460571,35.92144012451172,7.095742702484131,0.0,1.0,1.0,0.0,0.800000011920929,0.0,1.2801485061645508,238.7436065673828,0.2402745932340622,0.15000000596046448,2.527362823486328,1.9103672504425049,0.7170830368995667,0.0,0.0,0.0,-75.0,195.0,999.0,0.0,0.8951812138945443
1498.0,0.0,-83.87873077392578,0.6380823850631714,0.5282067656517029,0.34973639249801636,0.9723783731460571,35.92144012451172,7.095742702484131,0.0,1.0,1.0,0.0,0.800000011920929,0.0,1.2801485061645508,238.7436065673828,0.2402745932340622,0.15000000596046448,2.527362823486328,1.9103672504425049,0.7170830368995667,0.0,0.0,0.0,-343.46331787109375,463.46331787109375,999.0,0.0,0.7291823864009567
1498.0,0.0,-83.87873077392578,0.6380823850631714,0.5282067656517029,0.34973639249801636,0.9723783731460571,35.92144012451172,7.095742702484131,0.0,1.0,1.0,0.0,0.800000011920929,0.0,1.2801485061645508,238.7436065673828,0.2402745932340622,0.15000000596046448,2.527362823486328,1.9103672504425049,0.7170830368995667,4.0,0.0,0.0,-160.42637634277344,220.42637634277344,999.0,0.0,1.0
1507.0,0.0,-86.65037536621094,0.6474530696868896,0.5395894050598145,0.3608945608139038,0.9809154868125916,35.75504684448242,6.863767623901367,0.0,1.0,2.0,0.0,0.800000011920929,0.0,1.298592448234558,300.9137878417969,0.22807016968727112,0.25,2.5283021926879883,1.8935046195983887,0.7164879441261292,4.0,0.0,0.0,-300.93475341796875,360.93475341796875,999.0,0.0,1.0
1507.0,0.0,-86.65037536621094,0.6474530696868896,0.5395894050598145,0.3608945608139038,0.9809154868125916,35.75504684448242,6.863767623901367,0.0,1.0,2.0,0.0,0.800000011920929,0.0,1.298592448234558,300.9137878417969,0.22807016968727112,0.25,2.5283021926879883,1.8935046195983887,0.7164879441261292,0.0,0.0,0.0,-443.49517822265625,563.4951782226562,999.0,0.0,0.9166666666666667
1507.0,0.0,-86.65037536621094,0.6474530696868896,0.5395894050598145,0.3608945608139038,0.9809154868125916,35.75504684448242,6.863767623901367,0.0,1.0,2.0,0.0,0.800000011920929,0.0,1.298592448234558,300.9137878417969,0.22807016968727112,0.25,2.5283021926879883,1.8935046195983887,0.7164879441261292,0.0,0.0,0.0,-348.9564514160156,468.9564514160156,999.0,0.0,0.8683343226154899
1507.0,0.0,-86.65037536621094,0.6474530696868896,0.5395894050598145,0.3608945608139038,0.9809154868125916,35.75504684448242,6.863767623901367,0.0,1.0,2.0,0.0,0.800000011920929,0.0,1.298592448234558,300.9137878417969,0.22807016968727112,0.25,2.5283021926879883,1.8935046195983887,0.7164879441261292,0.0,0.0,0.0,-193.5601348876953,313.56011962890625,999.0,0.0,0.9166666666666667
1507.0,0.0,-86.65037536621094,0.6474530696868896,0.5395894050598145,0.3608945608139038,0.9809154868125916,35.75504684448242,6.863767623901367,0.0,1.0,2.0,0.0,0.800000011920929,0.0,1.298592448234558,300.9137878417969,0.22807016968727112,0.25,2.5283021926879883,1.8935046195983887,0.7164879441261292,0.0,0.0,0.0,-237.7049560546875,357.7049560546875,999.0,0.0,0.8959683782000636
1507.0,0.0,-86.65037536621094,0.6474530696868896,0.5395894050598145,0.3608945608139038,0.9809154868125916,35.75504684448242,6.863767623901367,0.0,1.0,2.0,0.0,0.800000011920929,0.0,1.298592448234558,300.9137878417969,0.22807016968727112,0.25,2.5283021926879883,1.8935046195983887,0.7164879441261292,0.0,0.0,0.0,-442.3843994140625,562.3843994140625,999.0,0.0,0.9166666666666667
1507.0,0.0,-86.65037536621094,0.6474530696868896,0.5395894050598145,0.3608945608139038,0.9809154868125916,35.75504684448242,6.863767623901367,0.0,1.0,2.0,0.0,0.800000011920929,0.0,1.298592448234558,300.9137878417969,0.22807016968727112,0.25,2.5283021926879883,1.8935046195983887,0.7164879441261292,0.0,0.0,0.0,-250.78868103027344,370.7886962890625,999.0,0.0,0.908941566746817
1507.0,0.0,-86.65037536621094,0.6474530696868896,0.5395894050598145,0.3608945608139038,0.9809154868125916,35.75504684448242,6.863767623901367,0.0,1.0,2.0,0.0,0.800000011920929,0.0,1.298592448234558,300.9137878417969,0.22807016968727112,0.25,2.5283021926879883,1.8935046195983887,0.7164879441261292,4.0,0.0,0.0,14.828125953674316,45.171875,999.0,0.0,0.9258593691908426
1507.0,0.0,-86.65037536621094,0.6474530696868896,0.5395894050598145,0.3608945608139038,0.9809154868125916,35.75504684448242,6.863767623901367,0.0,1.0,2.0,0.0,0.800000011920929,0.0,1.298592448234558,300.9137878417969,0.22807016968727112,0.25,2.5283021926879883,1.8935046195983887,0.7164879441261292,4.0,0.0,0.0,-92.23542785644531,152.2354278564453,999.0,0.0,1.0
1507.0,0.0,-86.65037536621094,0.6474530696868896,0.5395894050598145,0.3608945608139038,0.9809154868125916,35.75504684448242,6.863767623901367,0.0,1.0,2.0,0.0,0.800000011920929,0.0,1.298592448234558,300.9137878417969,0.22807016968727112,0.25,2.5283021926879883,1.8935046195983887,0.7164879441261292,0.0,0.0,0.0,-345.0,465.0,999.0,0.0,0.9166666666666667
1475.0,0.0,-77.56759643554688,0.6442307829856873,0.5038318037986755,0.3354075253009796,0.9174387454986572,35.48068618774414,6.544417381286621,0.0,1.0,2.0,0.0,0.800000011920929,0.0,1.3351647853851318,275.95025634765625,0.24523809552192688,0.25,2.5734663009643555,1.9389879703521729,0.7032967209815979,0.0,0.0,0.0,-396.4390563964844,516.4390869140625,999.0,0.0,0.9166666666666667
1475.0,0.0,-77.56759643554688,0.6442307829856873,0.5038318037986755,0.3354075253009796,0.9174387454986572,35.48068618774414,6.544417381286621,0.0,1.0,2.0,0.0,0.800000011920929,0.0,1.3351647853851318,275.95025634765625,0.24523809552192688,0.25,2.5734663009643555,1.9389879703521729,0.7032967209815979,0.0,0.0,0.0,-351.0618896484375,471.0618896484375,999.0,0.0,0.912541538137201
1475.0,0.0,-77.56759643554688,0.6442307829856873,0.5038318037986755,0.3354075253009796,0.9174387454986572,35.48068618774414,6.544417381286621,0.0,1.0,2.0,0.0,0.800000011920929,0.0,1.3351647853851318,275.95025634765625,0.24523809552192688,0.25,2.5734663009643555,1.9389879703521729,0.7032967209815979,0.0,0.0,0.0,-375.1269226074219,495.1269226074219,999.0,0.0,0.9166666666666667
1475.0,0.0,-77.56759643554688,0.6442307829856873,0.5038318037986755,0.3354075253009796,0.9174387454986572,35.48068618774414,6.544417381286621,0.0,1.0,2.0,0.0,0.800000011920929,0.0,1.3351647853851318,275.95025634765625,0.24523809552192688,0.25,2.5734663009643555,1.9389879703521729,0.7032967209815979,0.0,0.0,0.0,-326.17724609375,446.17724609375,999.0,0.0,0.9166666666666667
1475.0,0.0,-77.56759643554688,0.6442307829856873,0.5038318037986755,0.3354075253009796,0.9174387454986572,35.48068618774414,6.544417381286621,0.0,1.0,2.0,0.0,0.800000011920929,0.0,1.3351647853851318,275.95025634765625,0.24523809552192688,0.25,2.5734663009643555,1.9389879703521729,0.7032967209815979,0.0,0.0,0.0,-42.68734359741211,162.68734741210938,999.0,0.0,0.8726247269557736
1475.0,0.0,-77.56759643554688,0.6442307829856873,0.5038318037986755,0.3354075253009796,0.9174387454986572,35.48068618774414,6.544417381286621,0.0,1.0,2.0,0.0,0.800000011920929,0.0,1.3351647853851318,275.95025634765625,0.24523809552192688,0.25,2.5734663009643555,1.9389879703521729,0.7032967209815979,0.0,0.0,0.0,-416.2794494628906,536.2794189453125,999.0,0.0,0.9166666666666667
1475.0,0.0,-77.56759643554688,0.6442307829856873,0.5038318037986755,0.3354075253009796,0.9174387454986572,35.48068618774414,6.544417381286621,0.0,1.0,2.0,0.0,0.800000011920929,0.0,1.3351647853851318,275.95025634765625,0.24523809552192688,0.25,2.5734663009643555,1.9389879703521729,0.7032967209815979,4.0,0.0,0.0,-205.27725219726562,265.2772521972656,999.0,0.0,1.0
1475.0,0.0,-77.56759643554688,0.6442307829856873,0.5038318037986755,0.3354075253009796,0.9174387454986572,35.48068618774414,6.544417381286621,0.0,1.0,2.0,0.0,0.800000011920929,0.0,1.3351647853851318,275.95025634765625,0.24523809552192688,0.25,2.5734663009643555,1.9389879703521729,0.7032967209815979,4.0,0.0,0.0,-324.5494384765625,384.5494384765625,999.0,0.0,1.0
1475.0,0.0,-77.56759643554688,0.6442307829856873,0.5038318037986755,0.3354075253009796,0.9174387454986572,35.48068618774414,6.544417381286621,0.0,1.0,2.0,0.0,0.800000011920929,0.0,1.3351647853851318,275.95025634765625,0.24523809552192688,0.25,2.5734663009643555,1.9389879703521729,0.7032967209815979,0.0,0.0,0.0,-346.3126220703125,466.3126220703125,999.0,0.0,0.9166666666666667
1475.0,0.0,-77.56759643554688,0.6442307829856873,0.5038318037986755,0.3354075253009796,0.9174387454986572,35.48068618774414,6.544417381286621,0.0,1.0,2.0,0.0,0.800000011920929,0.0,1.3351647853851318,275.95025634765625,0.24523809552192688,0.25,2.5734663009643555,1.9389879703521729,0.7032967209815979,0.0,0.0,0.0,-81.36360168457031,201.3636016845703,999.0,0.0,0.9166666666666667
1548.0,0.0,-87.81373596191406,0.6450980305671692,0.5205294489860535,0.3450968563556671,0.9423016309738159,35.27284622192383,6.608069896697998,0.0,1.0,2.0,0.0,0.800000011920929,0.0,1.329477071762085,149.98898315429688,0.24137930572032928,0.25,2.5560550689697266,1.8899867534637451,0.7176470756530762,4.0,0.0,0.0,-90.0,150.0,999.0,0.0,1.0
1548.0,0.0,-87.81373596191406,0.6450980305671692,0.5205294489860535,0.3450968563556671,0.9423016309738159,35.27284622192383,6.608069896697998,0.0,1.0,2.0,0.0,0.800000011920929,0.0,1.329477071762085,149.98898315429688,0.24137930572032928,0.25,2.5560550689697266,1.8899867534637451,0.7176470756530762,4.0,0.0,0.0,-45.0,105.0,999.0,0.0,1.0
1548.0,0.0,-87.81373596191406,0.6450980305671692,0.5205294489860535,0.3450968563556671,0.9423016309738159,35.27284622192383,6.608069896697998,0.0,1.0,2.0,0.0,0.800000011920929,0.0,1.329477071762085,149.98898315429688,0.24137930572032928,0.25,2.5560550689697266,1.8899867534637451,0.7176470756530762,0.0,0.0,0.0,-379.73358154296875,499.73358154296875,999.0,0.0,0.9019668525643314
1548.0,0.0,-87.81373596191406,0.6450980305671692,0.5205294489860535,0.3450968563556671,0.9423016309738159,35.27284622192383,6.608069896697998,0.0,1.0,2.0,0.0,0.800000011920929,0.0,1.329477071762085,149.98898315429688,0.24137930572032928,0.25,2.5560550689697266,1.8899867534637451,0.7176470756530762,4.0,0.0,0.0,-80.57542419433594,140.57542419433594,999.0,0.0,1.0
1548.0,0.0,-87.81373596191406,0.6450980305671692,0.5205294489860535,0.3450968563556671,0.9423016309738159,35.27284622192383,6.608069896697998,0.0,1.0,2.0,0.0,0.800000011920929,0.0,1.329477071762085,149.98898315429688,0.24137930572032928,0.25,2.5560550689697266,1.8899867534637451,0.7176470756530762,0.0,0.0,0.0,-477.4529113769531,597.4529418945312,999.0,0.0,0.9166666666666667
1548.0,0.0,-87.81373596191406,0.6450980305671692,0.5205294489860535,0.3450968563556671,0.9423016309738159,35.27284622192383,6.608069896697998,0.0,1.0,2.0,0.0,0.800000011920929,0.0,1.329477071762085,149.98898315429688,0.24137930572032928,0.25,2.5560550689697266,1.8899867534637451,0.7176470756530762,0.0,0.0,0.0,-444.89923095703125,564.8992309570312,999.0,0.0,0.9166666666666667
1548.0,0.0,-87.81373596191406,0.6450980305671692,0.5205294489860535,0.3450968563556671,0.9423016309738159,35.27284622192383,6.608069896697998,0.0,1.0,2.0,0.0,0.800000011920929,0.0,1.329477071762085,149.98898315429688,0.24137930572032928,0.25,2.5560550689697266,1.8899867534637451,0.7176470756530762,4.0,0.0,0.0,-379.179443359375,439.179443359375,999.0,0.0,1.0
1548.0,0.0,-87.81373596191406,0.6450980305671692,0.5205294489860535,0.3450968563556671,0.9423016309738159,35.27284622192383,6.608069896697998,0.0,1.0,2.0,0.0,0.800000011920929,0.0,1.329477071762085,149.98898315429688,0.24137930572032928,0.25,2.5560550689697266,1.8899867534637451,0.7176470756530762,0.0,0.0,0.0,-309.3139343261719,429.3139343261719,999.0,0.0,0.9166666666666667
1548.0,0.0,-87.81373596191406,0.6450980305671692,0.5205294489860535,0.3450968563556671,0.9423016309738159,35.27284622192383,6.608069896697998,0.0,1.0,2.0,0.0,0.800000011920929,0.0,1.329477071762085,149.98898315429688,0.24137930572032928,0.25,2.5560550689697266,1.8899867534637451,0.7176470756530762,0.0,0.0,0.0,-442.1988830566406,562.1988525390625,999.0,0.0,0.9166666666666667
1548.0,0.0,-87.81373596191406,0.6450980305671692,0.5205294489860535,0.3450968563556671,0.9423016309738159,35.27284622192383,6.608069896697998,0.0,1.0,2.0,0.0,0.800000011920929,0.0,1.329477071762085,149.98898315429688,0.24137930572032928,0.25,2.5560550689697266,1.8899867534637451,0.7176470756530762,0.0,0.0,0.0,-399.5207824707031,519.520751953125,999.0,0.0,0.9166666666666667
1520.0,0.0019736841786652803,-82.64432525634766,0.6230820417404175,0.5192611217498779,0.3416290879249573,0.924608051776886,35.50881576538086,6.596383094787598,0.0,1.0,2.0,0.0,0.800000011920929,0.0,1.3231487274169922,224.83160400390625,0.2494279146194458,0.25,2.5579802989959717,1.9446144104003906,0.6904603242874146,4.0,0.0,0.0,-139.20155334472656,199.20155334472656,999.0,0.0,1.0
1520.0,0.0019736841786652803,-82.64432525634766,0.6230820417404175,0.5192611217498779,0.3416290879249573,0.924608051776886,35.50881576538086,6.596383094787598,0.0,1.0,2.0,0.0,0.800000011920929,0.0,1.3231487274169922,224.83160400390625,0.2494279146194458,0.25,2.5579802989959717,1.9446144104003906,0.6904603242874146,4.0,0.0,0.0,-469.6312255859375,529.6312255859375,999.0,0.0,1.0
1520.0,0.0019736841786652803,-82.64432525634766,0.6230820417404175,0.5192611217498779,0.3416290879249573,0.924608051776886,35.50881576538086,6.596383094787598,0.0,1.0,2.0,0.0,0.800000011920929,0.0,1.3231487274169922,224.83160400390625,0.2494279146194458,0.25,2.5579802989959717,1.9446144104003906,0.6904603242874146,4.0,0.0,0.0,-270.0,330.0,999.0,0.0,1.0
1520.0,0.0019736841786652803,-82.64432525634766,0.6230820417404175,0.5192611217498779,0.3416290879249573,0.924608051776886,35.50881576538086,6.596383094787598,0.0,1.0,2.0,0.0,0.800000011920929,0.0,1.3231487274169922,224.83160400390625,0.2494279146194458,0.25,2.5579802989959717,1.9446144104003906,0.6904603242874146,4.0,0.0,0.0,-376.6276550292969,436.6276550292969,999.0,0.0,1.0
1520.0,0.0019736841786652803,-82.64432525634766,0.6230820417404175,0.5192611217498779,0.3416290879249573,0.924608051776886,35.50881576538086,6.596383094787598,0.0,1.0,2.0,0.0,0.800000011920929,0.0,1.3231487274169922,224.83160400390625,0.2494279146194458,0.25,2.5579802989959717,1.9446144104003906,0.6904603242874146,4.0,0.0,0.0,-44.97940444946289,104.97940063476562,999.0,0.0,1.0
1520.0,0.0019736841786652803,-82.64432525634766,0.6230820417404175,0.5192611217498779,0.3416290879249573,0.924608051776886,35.50881576538086,6.596383094787598,0.0,1.0,2.0,0.0,0.800000011920929,0.0,1.3231487274169922,224.83160400390625,0.2494279146194458,0.25,2.5579802989959717,1.9446144104003906,0.6904603242874146,0.0,0.0,0.0,-360.7858581542969,480.7858581542969,999.0,0.0,0.9166666666666667
1520.0,0.0019736841786652803,-82.64432525634766,0.6230820417404175,0.5192611217498779,0.3416290879249573,0.924608051776886,35.50881576538086,6.596383094787598,0.0,1.0,2.0,0.0,0.800000011920929,0.0,1.3231487274169922,224.83160400390625,0.2494279146194458,0.25,2.5579802989959717,1.9446144104003906,0.6904603242874146,4.0,0.0,0.0,-398.29730224609375,458.29730224609375,999.0,0.0,1.0
1520.0,0.0019736841786652803,-82.64432525634766,0.6230820417404175,0.5192611217498779,0.3416290879249573,0.924608051776886,35.50881576538086,6.596383094787598,0.0,1.0,2.0,0.0,0.800000011920929,0.0,1.3231487274169922,224.83160400390625,0.2494279146194458,0.25,2.5579802989959717,1.9446144104003906,0.6904603242874146,4.0,0.0,0.0,-143.79771423339844,203.79771423339844,999.0,0.0,1.0
1520.0,0.0019736841786652803,-82.64432525634766,0.6230820417404175,0.5192611217498779,0.3416290879249573,0.924608051776886,35.50881576538086,6.596383094787598,0.0,1.0,2.0,0.0,0.800000011920929,0.0,1.3231487274169922,224.83160400390625,0.2494279146194458,0.25,2.5579802989959717,1.9446144104003906,0.6904603242874146,4.0,0.0,0.0,-302.8229064941406,362.8229064941406,999.0,0.0,1.0
1520.0,0.0019736841786652803,-82.64432525634766,0.6230820417404175,0.5192611217498779,0.3416290879249573,0.924608051776886,35.50881576538086,6.596383094787598,0.0,1.0,2.0,0.0,0.800000011920929,0.0,1.3231487274169922,224.83160400390625,0.2494279146194458,0.25,2.5579802989959717,1.9446144104003906,0.6904603242874146,0.0,0.0,0.0,-66.46096801757812,186.46096801757812,999.0,0.0,0.8921705546694673
1512.0,0.0,-90.8719482421875,0.6564171314239502,0.5513502955436707,0.3664752244949341,1.0,35.5030517578125,6.709625244140625,0.0,1.0,1.0,0.0,0.800000011920929,0.0,1.3212566375732422,307.8257141113281,0.2575107216835022,0.15000000596046448,2.5403223037719727,1.9180725812911987,0.7105615139007568,0.0,0.0,0.0,-255.0,375.0,999.0,0.0,0.6666666666666667
1512.0,0.0,-90.8719482421875,0.6564171314239502,0.5513502955436707,0.3664752244949341,1.0,35.5030517578125,6.709625244140625,0.0,1.0,1.0,0.0,0.800000011920929,0.0,1.3212566375732422,307.8257141113281,0.2575107216835022,0.15000000596046448,2.5403223037719727,1.9180725812911987,0.7105615139007568,0.0,0.0,0.0,-475.199462890625,595.199462890625,999.0,0.0,0.9166666666666667
1512.0,0.0,-90.8719482421875,0.6564171314239502,0.5513502955436707,0.3664752244949341,1.0,35.5030517578125,6.709625244140625,0.0,1.0,1.0,0.0,0.800000011920929,0.0,1.3212566375732422,307.8257141113281,0.2575107216835022,0.15000000596046448,2.5403223037719727,1.9180725812911987,0.7105615139007568,0.0,0.0,0.0,-210.0,330.0,999.0,0.0,0.9135793627091154
1512.0,0.0,-90.8719482421875,0.6564171314239502,0.5513502955436707,0.3664752244949341,1.0,35.5030517578125,6.709625244140625,0.0,1.0,1.0,0.0,0.800000011920929,0.0,1.3212566375732422,307.8257141113281,0.2575107216835022,0.15000000596046448,2.5403223037719727,1.9180725812911987,0.7105615139007568,0.0,0.0,0.0,-330.8321533203125,450.8321533203125,999.0,0.0,0.8877953708086416
1512.0,0.0,-90.8719482421875,0.6564171314239502,0.5513502955436707,0.3664752244949341,1.0,35.5030517578125,6.709625244140625,0.0,1.0,1.0,0.0,0.800000011920929,0.0,1.3212566375732422,307.8257141113281,0.2575107216835022,0.15000000596046448,2.5403223037719727,1.9180725812911987,0.7105615139007568,0.0,0.0,0.0,-229.776611328125,349.776611328125,999.0,0.0,0.8894221929660016
1512.0,0.0,-90.8719482421875,0.6564171314239502,0.5513502955436707,0.3664752244949341,1.0,35.5030517578125,6.709625244140625,0.0,1.0,1.0,0.0,0.800000011920929,0.0,1.3212566375732422,307.8257141113281,0.2575107216835022,0.15000000596046448,2.5403223037719727,1.9180725812911987,0.7105615139007568,0.0,0.0,0.0,-384.76324462890625,504.76324462890625,999.0,0.0,0.9166666666666667
1512.0,0.0,-90.8719482421875,0.6564171314239502,0.5513502955436707,0.3664752244949341,1.0,35.5030517578125,6.709625244140625,0.0,1.0,1.0,0.0,0.800000011920929,0.0,1.3212566375732422,307.8257141113281,0.2575107216835022,0.15000000596046448,2.5403223037719727,1.9180725812911987,0.7105615139007568,0.0,0.0,0.0,-138.0337371826172,258.03375244140625,999.0,0.0,0.9166666666666667
1512.0,0.0,-90.8719482421875,0.6564171314239502,0.5513502955436707,0.3664752244949341,1.0,35.5030517578125,6.709625244140625,0.0,1.0,1.0,0.0,0.800000011920929,0.0,1.3212566375732422,307.8257141113281,0.2575107216835022,0.15000000596046448,2.5403223037719727,1.9180725812911987,0.7105615139007568,0.0,0.0,0.0,-390.0,510.0,999.0,0.0,0.9166666666666667
1512.0,0.0,-90.8719482421875,0.6564171314239502,0.5513502955436707,0.3664752244949341,1.0,35.5030517578125,6.709625244140625,0.0,1.0,1.0,0.0,0.800000011920929,0.0,1.3212566375732422,307.8257141113281,0.2575107216835022,0.15000000596046448,2.5403223037719727,1.9180725812911987,0.7105615139007568,0.0,0.0,0.0,-362.7992248535156,482.7992248535156,999.0,0.0,0.6666666666666667
1512.0,0.0,-90.8719482421875,0.6564171314239502,0.5513502955436707,0.3664752244949341,1.0,35.5030517578125,6.709625244140625,0.0,1.0,1.0,0.0,0.800000011920929,0.0,1.3212566375732422,307.8257141113281,0.2575107216835022,0.15000000596046448,2.5403223037719727,1.9180725812911987,0.7105615139007568,0.0,0.0,0.0,-309.5456848144531,429.5456848144531,999.0,0.0,0.6666666666666667
1532.0,0.0,-75.94080352783203,0.6322368383407593,0.5237360000610352,0.35894984006881714,0.9726444482803345,35.30876541137695,6.620233058929443,0.0,1.0,2.0,0.0,0.800000011920929,0.0,1.3143421411514282,240.5225830078125,0.223234623670578,0.25,2.541959524154663,1.9038184881210327,0.6980262994766235,4.0,0.0,0.0,-452.4130859375,512.4130859375,999.0,0.0,1.0
1532.0,0.0,-75.94080352783203,0.6322368383407593,0.5237360000610352,0.35894984006881714,0.9726444482803345,35.30876541137695,6.620233058929443,0.0,1.0,2.0,0.0,0.800000011920929,0.0,1.3143421411514282,240.5225830078125,0.223234623670578,0.25,2.541959524154663,1.9038184881210327,0.6980262994766235,4.0,0.0,0.0,-21.810579299926758,81.81057739257812,999.0,0.0,1.0
1532.0,0.0,-75.94080352783203,0.6322368383407593,0.5237360000610352,0.35894984006881714,0.9726444482803345,35.30876541137695,6.620233058929443,0.0,1.0,2.0,0.0,0.800000011920929,0.0,1.3143421411514282,240.5225830078125,0.223234623670578,0.25,2.541959524154663,1.9038184881210327,0.6980262994766235,4.0,0.0,0.0,-287.06201171875,347.06201171875,999.0,0.0,1.0
1532.0,0.0,-75.94080352783203,0.6322368383407593,0.5237360000610352,0.35894984006881714,0.9726444482803345,35.30876541137695,6.620233058929443,0.0,1.0,2.0,0.0,0.800000011920929,0.0,1.3143421411514282,240.5225830078125,0.223234623670578,0.25,2.541959524154663,1.9038184881210327,0.6980262994766235,0.0,0.0,0.0,-427.256591796875,547.256591796875,999.0,0.0,0.9166666666666667
1532.0,0.0,-75.94080352783203,0.6322368383407593,0.5237360000610352,0.35894984006881714,0.9726444482803345,35.30876541137695,6.620233058929443,0.0,1.0,2.0,0.0,0.800000011920929,0.0,1.3143421411514282,240.5225830078125,0.223234623670578,0.25,2.541959524154663,1.9038184881210327,0.6980262994766235,4.0,0.0,0.0,-411.77276611328125,471.77276611328125,999.0,0.0,1.0
1532.0,0.0,-75.94080352783203,0.6322368383407593,0.5237360000610352,0.35894984006881714,0.9726444482803345,35.30876541137695,6.620233058929443,0.0,1.0,2.0,0.0,0.800000011920929,0.0,1.3143421411514282,240.5225830078125,0.223234623670578,0.25,2.541959524154663,1.9038184881210327,0.6980262994766235,4.0,0.0,0.0,-19.81959342956543,79.81959533691406,999.0,0.0,1.0
1532.0,0.0,-75.94080352783203,0.6322368383407593,0.5237360000610352,0.35894984006881714,0.9726444482803345,35.30876541137695,6.620233058929443,0.0,1.0,2.0,0.0,0.800000011920929,0.0,1.3143421411514282,240.5225830078125,0.223234623670578,0.25,2.541959524154663,1.9038184881210327,0.6980262994766235,4.0,0.0,0.0,-383.2532653808594,443.2532653808594,999.0,0.0,1.0
1532.0,0.0,-75.94080352783203,0.6322368383407593,0.5237360000610352,0.35894984006881714,0.9726444482803345,35.30876541137695,6.620233058929443,0.0,1.0,2.0,0.0,0.800000011920929,0.0,1.3143421411514282,240.5225830078125,0.223234623670578,0.25,2.541959524154663,1.9038184881210327,0.6980262994766235,4.0,0.0,0.0,-309.7081298828125,369.7081298828125,999.0,0.0,1.0
1532.0,0.0,-75.94080352783203,0.6322368383407593,0.5237360000610352,0.35894984006881714,0.9726444482803345,35.30876541137695,6.620233058929443,0.0,1.0,2.0,0.0,0.800000011920929,0.0,1.3143421411514282,240.5225830078125,0.223234623670578,0.25,2.541959524154663,1.9038184881210327,0.6980262994766235,0.0,0.0,0.0,-455.7417297363281,575.7417602539062,999.0,0.0,0.9166666666666667
1532.0,0.0,-75.94080352783203,0.6322368383407593,0.5237360000610352,0.35894984006881714,0.9726444482803345,35.30876541137695,6.620233058929443,0.0,1.0,2.0,0.0,0.800000011920929,0.0,1.3143421411514282,240.5225830078125,0.223234623670578,0.25,2.541959524154663,1.9038184881210327,0.6980262994766235,4.0,0.0,0.0,-476.5247802734375,536.5247802734375,999.0,0.0,1.0
1553.0,0.0,-81.48368835449219,0.6351791620254517,0.5315521359443665,0.35974857211112976,0.995993971824646,36.009586334228516,6.390993118286133,0.0,1.0,1.0,0.0,0.800000011920929,0.0,1.305276870727539,306.2091979980469,0.26818183064460754,0.15000000596046448,2.5890984535217285,1.9208303689956665,0.7061889171600342,4.0,0.0,0.0,-48.10423278808594,108.10423278808594,999.0,0.0,1.0
1553.0,0.0,-81.48368835449219,0.6351791620254517,0.5315521359443665,0.35974857211112976,0.995993971824646,36.009586334228516,6.390993118286133,0.0,1.0,1.0,0.0,0.800000011920929,0.0,1.305276870727539,306.2091979980469,0.26818183064460754,0.15000000596046448,2.5890984535217285,1.9208303689956665,0.7061889171600342,4.0,0.0,0.0,-465.40869140625,525.40869140625,999.0,0.0,1.0
1553.0,0.0,-81.48368835449219,0.6351791620254517,0.5315521359443665,0.35974857211112976,0.995993971824646,36.009586334228516,6.390993118286133,0.0,1.0,1.0,0.0,0.800000011920929,0.0,1.305276870727539,306.2091979980469,0.26818183064460754,0.15000000596046448,2.5890984535217285,1.9208303689956665,0.7061889171600342,0.0,0.0,0.0,-401.0279541015625,521.0279541015625,999.0,0.0,0.9166666666666667
1553.0,0.0,-81.48368835449219,0.6351791620254517,0.5315521359443665,0.35974857211112976,0.995993971824646,36.009586334228516,6.390993118286133,0.0,1.0,1.0,0.0,0.800000011920929,0.0,1.305276870727539,306.2091979980469,0.26818183064460754,0.15000000596046448,2.5890984535217285,1.9208303689956665,0.7061889171600342,4.0,0.0,0.0,-71.47835540771484,131.4783477783203,999.0,0.0,1.0
1553.0,0.0,-81.48368835449219,0.6351791620254517,0.5315521359443665,0.35974857211112976,0.995993971824646,36.009586334228516,6.390993118286133,0.0,1.0,1.0,0.0,0.800000011920929,0.0,1.305276870727539,306.2091979980469,0.26818183064460754,0.15000000596046448,2.5890984535217285,1.9208303689956665,0.7061889171600342,0.0,0.0,0.0,-385.5862121582031,505.5862121582031,999.0,0.0,0.9166666666666667
1553.0,0.0,-81.48368835449219,0.6351791620254517,0.5315521359443665,0.35974857211112976,0.995993971824646,36.009586334228516,6.390993118286133,0.0,1.0,1.0,0.0,0.800000011920929,0.0,1.305276870727539,306.2091979980469,0.26818183064460754,0.15000000596046448,2.5890984535217285,1.9208303689956665,0.7061889171600342,0.0,0.0,0.0,-419.9717712402344,539.9717407226562,999.0,0.0,0.9166666666666667
1553.0,0.0,-81.48368835449219,0.6351791620254517,0.5315521359443665,0.35974857211112976,0.995993971824646,36.009586334228516,6.390993118286133,0.0,1.0,1.0,0.0,0.800000011920929,0.0,1.305276870727539,306.2091979980469,0.26818183064460754,0.15000000596046448,2.5890984535217285,1.9208303689956665,0.7061889171600342,0.0,0.0,0.0,-8.294248580932617,128.29425048828125,999.0,0.0,0.9166666666666667
1553.0,0.0,-81.48368835449219,0.6351791620254517,0.5315521359443665,0.35974857211112976,0.995993971824646,36.009586334228516,6.390993118286133,0.0,1.0,1.0,0.0,0.800000011920929,0.0,1.305276870727539,306.2091979980469,0.26818183064460754,0.15000000596046448,2.5890984535217285,1.9208303689956665,0.7061889171600342,0.0,0.0,0.0,-314.6762390136719,434.6762390136719,999.0,0.0,0.7106522890782079
1553.0,0.0,-81.48368835449219,0.6351791620254517,0.5315521359443665,0.35974857211112976,0.995993971824646,36.009586334228516,6.390993118286133,0.0,1.0,1.0,0.0,0.800000011920929,0.0,1.305276870727539,306.2091979980469,0.26818183064460754,0.15000000596046448,2.5890984535217285,1.9208303689956665,0.7061889171600342,0.0,0.0,0.0,-34.169898986816406,154.16989135742188,999.0,0.0,0.9116869052213413
1553.0,0.0,-81.48368835449219,0.6351791620254517,0.5315521359443665,0.35974857211112976,0.995993971824646,36.009586334228516,6.390993118286133,0.0,1.0,1.0,0.0,0.800000011920929,0.0,1.305276870727539,306.2091979980469,0.26818183064460754,0.15000000596046448,2.5890984535217285,1.9208303689956665,0.7061889171600342,0.0,0.0,0.0,-308.1274719238281,428.1274719238281,999.0,0.0,0.9057774406712914
1492.0,0.0,-83.19294738769531,0.6350067853927612,0.5064481496810913,0.3529079556465149,0.9743937849998474,35.461673736572266,7.02426815032959,0.0,1.0,2.0,0.0,0.800000011920929,0.0,1.3096336126327515,270.5569763183594,0.2518337368965149,0.25,2.5130977630615234,1.9136089086532593,0.7075983881950378,4.0,0.0,0.0,-135.0,195.0,999.0,0.0,1.0
1492.0,0.0,-83.19294738769531,0.6350067853927612,0.5064481496810913,0.3529079556465149,0.9743937849998474,35.461673736572266,7.02426815032959,0.0,1.0,2.0,0.0,0.800000011920929,0.0,1.3096336126327515,270.5569763183594,0.2518337368965149,0.25,2.5130977630615234,1.9136089086532593,0.7075983881950378,4.0,0.0,0.0,-366.6181640625,426.6181640625,999.0,0.0,1.0
1492.0,0.0,-83.19294738769531,0.6350067853927612,0.5064481496810913,0.3529079556465149,0.9743937849998474,35.461673736572266,7.02426815032959,0.0,1.0,2.0,0.0,0.800000011920929,0.0,1.3096336126327515,270.5569763183594,0.2518337368965149,0.25,2.5130977630615234,1.9136089086532593,0.7075983881950378,4.0,0.0,0.0,-163.34751892089844,223.34751892089844,999.0,0.0,1.0
1492.0,0.0,-83.19294738769531,0.6350067853927612,0.5064481496810913,0.3529079556465149,0.9743937849998474,35.461673736572266,7.02426815032959,0.0,1.0,2.0,0.0,0.800000011920929,0.0,1.3096336126327515,270.5569763183594,0.2518337368965149,0.25,2.5130977630615234,1.9136089086532593,0.7075983881950378,4.0,0.0,0.0,-405.0,465.0,999.0,0.0,1.0
1492.0,0.0,-83.19294738769531,0.6350067853927612,0.5064481496810913,0.3529079556465149,0.9743937849998474,35.461673736572266,7.02426815032959,0.0,1.0,2.0,0.0,0.800000011920929,0.0,1.3096336126327515,270.5569763183594,0.2518337368965149,0.25,2.5130977630615234,1.9136089086532593,0.7075983881950378,4.0,0.0,0.0,-402.0499572753906,462.0499572753906,999.0,0.0,1.0
1492.0,0.0,-83.19294738769531,0.6350067853927612,0.5064481496810913,0.3529079556465149,0.9743937849998474,35.461673736572266,7.02426815032959,0.0,1.0,2.0,0.0,0.800000011920929,0.0,1.3096336126327515,270.5569763183594,0.2518337368965149,0.25,2.5130977630615234,1.9136089086532593,0.7075983881950378,0.0,0.0,0.0,-257.5476379394531,377.5476379394531,999.0,0.0,0.6666666666666667
1492.0,0.0,-83.19294738769531,0.6350067853927612,0.5064481496810913,0.3529079556465149,0.9743937849998474,35.461673736572266,7.02426815032959,0.0,1.0,2.0,0.0,0.800000011920929,0.0,1.3096336126327515,270.5569763183594,0.2518337368965149,0.25,2.5130977630615234,1.9136089086532593,0.7075983881950378,0.0,0.0,0.0,-336.0440979003906,456.0440979003906,999.0,0.0,0.9067316577611757
1492.0,0.0,-83.19294738769531,0.6350067853927612,0.5064481496810913,0.3529079556465149,0.9743937849998474,35.461673736572266,7.02426815032959,0.0,1.0,2.0,0.0,0.800000011920929,0.0,1.3096336126327515,270.5569763183594,0.2518337368965149,0.25,2.5130977630615234,1.9136089086532593,0.7075983881950378,0.0,0.0,0.0,-65.94795227050781,185.9479522705078,999.0,0.0,0.9140148722409152
1492.0,0.0,-83.19294738769531,0.6350067853927612,0.5064481496810913,0.3529079556465149,0.9743937849998474,35.461673736572266,7.02426815032959,0.0,1.0,2.0,0.0,0.800000011920929,0.0,1.3096336126327515,270.5569763183594,0.2518337368965149,0.25,2.5130977630615234,1.9136089086532593,0.7075983881950378,0.0,0.0,0.0,-278.8408203125,398.8408203125,999.0,0.0,0.9155532422886404
1492.0,0.0,-83.19294738769531,0.6350067853927612,0.5064481496810913,0.3529079556465149,0.9743937849998474,35.461673736572266,7.02426815032959,0.0,1.0,2.0,0.0,0.800000011920929,0.0,1.3096336126327515,270.5569763183594,0.2518337368965149,0.25,2.5130977630615234,1.9136089086532593,0.7075983881950378,0.0,0.0,0.0,-210.0,330.0,999.0,0.0,0.7402421942372707
1570.0,0.0,-86.9771499633789,0.6499356627464294,0.5224092602729797,0.3550707995891571,0.9781430959701538,35.477577209472656,6.766457557678223,0.0,1.0,1.0,0.0,0.800000011920929,0.0,1.3120977878570557,184.84959411621094,0.246478870511055,0.15000000596046448,2.544193983078003,1.8954302072525024,0.7252252101898193,0.0,0.0,0.0,-300.0,420.0,999.0,0.0,0.9166666666666667
1570.0,0.0,-86.9771499633789,0.6499356627464294,0.5224092602729797,0.3550707995891571,0.9781430959701538,35.477577209472656,6.766457557678223,0.0,1.0,1.0,0.0,0.800000011920929,0.0,1.3120977878570557,184.84959411621094,0.246478870511055,0.15000000596046448,2.544193983078003,1.8954302072525024,0.7252252101898193,0.0,0.0,0.0,-416.7490234375,536.7490234375,999.0,0.0,0.9166666666666667
1570.0,0.0,-86.9771499633789,0.6499356627464294,0.5224092602729797,0.3550707995891571,0.9781430959701538,35.477577209472656,6.766457557678223,0.0,1.0,1.0,0.0,0.800000011920929,0.0,1.3120977878570557,184.84959411621094,0.246478870511055,0.15000000596046448,2.544193983078003,1.8954302072525024,0.7252252101898193,4.0,0.0,0.0,-336.304931640625,396.304931640625,999.0,0.0,1.0
1570.0,0.0,-86.9771499633789,0.6499356627464294,0.5224092602729797,0.3550707995891571,0.9781430959701538,35.477577209472656,6.766457557678223,0.0,1.0,1.0,0.0,0.800000011920929,0.0,1.3120977878570557,184.84959411621094,0.246478870511055,0.15000000596046448,2.544193983078003,1.8954302072525024,0.7252252101898193,4.0,0.0,0.0,21.76683807373047,38.23316192626953,999.0,0.0,0.891165807244169
1570.0,0.0,-86.9771499633789,0.6499356627464294,0.5224092602729797,0.3550707995891571,0.9781430959701538,35.477577209472656,6.766457557678223,0.0,1.0,1.0,0.0,0.800000011920929,0.0,1.3120977878570557,184.84959411621094,0.246478870511055,0.15000000596046448,2.544193983078003,1.8954302072525024,0.7252252101898193,4.0,0.0,0.0,-270.0,330.0,999.0,0.0,1.0
1570.0,0.0,-86.9771499633789,0.6499356627464294,0.5224092602729797,0.3550707995891571,0.9781430959701538,35.477577209472656,6.766457557678223,0.0,1.0,1.0,0.0,0.800000011920929,0.0,1.3120977878570557,184.84959411621094,0.246478870511055,0.15000000596046448,2.544193983078003,1.8954302072525024,0.7252252101898193,0.0,0.0,0.0,-181.7289581298828,301.72894287109375,999.0,0.0,0.9166666666666667
1570.0,0.0,-86.9771499633789,0.6499356627464294,0.5224092602729797,0.3550707995891571,0.9781430959701538,35.477577209472656,6.766457557678223,0.0,1.0,1.0,0.0,0.800000011920929,0.0,1.3120977878570557,184.84959411621094,0.246478870511055,0.15000000596046448,2.544193983078003,1.8954302072525024,0.7252252101898193,4.0,0.0,0.0,-482.5297546386719,542.5297241210938,999.0,0.0,1.0
1570.0,0.0,-86.9771499633789,0.6499356627464294,0.5224092602729797,0.3550707995891571,0.9781430959701538,35.477577209472656,6.766457557678223,0.0,1.0,1.0,0.0,0.800000011920929,0.0,1.3120977878570557,184.84959411621094,0.246478870511055,0.15000000596046448,2.544193983078003,1.8954302072525024,0.7252252101898193,0.0,0.0,0.0,-385.647216796875,505.647216796875,999.0,0.0,0.9166666666666667
1570.0,0.0,-86.9771499633789,0.6499356627464294,0.5224092602729797,0.3550707995891571,0.9781430959701538,35.477577209472656,6.766457557678223,0.0,1.0,1.0,0.0,0.800000011920929,0.0,1.3120977878570557,184.84959411621094,0.246478870511055,0.15000000596046448,2.544193983078003,1.8954302072525024,0.7252252101898193,0.0,0.0,0.0,-404.39031982421875,524.3903198242188,999.0,0.0,0.9166666666666667
1570.0,0.0,-86.9771499633789,0.6499356627464294,0.5224092602729797,0.3550707995891571,0.9781430959701538,35.477577209472656,6.766457557678223,0.0,1.0,1.0,0.0,0.800000011920929,0.0,1.3120977878570557,184.84959411621094,0.246478870511055,0.15000000596046448,2.544193983078003,1.8954302072525024,0.7252252101898193,0.0,0.0,0.0,-384.28424072265625,504.28424072265625,999.0,0.0,0.9166666666666667
1511.0,0.0006618133629672229,-85.09762573242188,0.6344735026359558,0.49960216879844666,0.3312228322029114,0.8952699899673462,35.53353500366211,6.5430707931518555,0.0,1.0,1.0,0.0,0.800000011920929,0.0,1.3146880865097046,226.27572631835938,0.26851850748062134,0.15000000596046448,2.5853710174560547,1.9065217971801758,0.7035546898841858,0.0,0.0,0.0,-177.96461486816406,297.9646301269531,999.0,0.0,0.9134709567060366
1511.0,0.0006618133629672229,-85.09762573242188,0.6344735026359558,0.49960216879844666,0.3312228322029114,0.8952699899673462,35.53353500366211,6.5430707931518555,0.0,1.0,1.0,0.0,0.800000011920929,0.0,1.3146880865097046,226.27572631835938,0.26851850748062134,0.15000000596046448,2.5853710174560547,1.9065217971801758,0.7035546898841858,0.0,0.0,0.0,-354.27581787109375,474.27581787109375,999.0,0.0,0.6666666666666667
1511.0,0.0006618133629672229,-85.09762573242188,0.6344735026359558,0.49960216879844666,0.3312228322029114,0.8952699899673462,35.53353500366211,6.5430707931518555,0.0,1.0,1.0,0.0,0.800000011920929,0.0,1.3146880865097046,226.27572631835938,0.26851850748062134,0.15000000596046448,2.5853710174560547,1.9065217971801758,0.7035546898841858,0.0,0.0,0.0,-390.0,510.0,999.0,0.0,0.9166666666666667
1511.0,0.0006618133629672229,-85.09762573242188,0.6344735026359558,0.49960216879844666,0.3312228322029114,0.8952699899673462,35.53353500366211,6.5430707931518555,0.0,1.0,1.0,0.0,0.800000011920929,0.0,1.3146880865097046,226.27572631835938,0.26851850748062134,0.15000000596046448,2.5853710174560547,1.9065217971801758,0.7035546898841858,0.0,0.0,0.0,-404.60784912109375,524.6078491210938,999.0,0.0,0.9166666666666667
1511.0,0.0006618133629672229,-85.09762573242188,0.6344735026359558,0.49960216879844666,0.3312228322029114,0.8952699899673462,35.53353500366211,6.5430707931518555,0.0,1.0,1.0,0.0,0.800000011920929,0.0,1.3146880865097046,226.27572631835938,0.26851850748062134,0.15000000596046448,2.5853710174560547,1.9065217971801758,0.7035546898841858,0.0,0.0,0.0,-417.7671813964844,537.7671508789062,999.0,0.0,0.9166666666666667
1511.0,0.0006618133629672229,-85.09762573242188,0.6344735026359558,0.49960216879844666,0.3312228322029114,0.8952699899673462,35.53353500366211,6.5430707931518555,0.0,1.0,1.0,0.0,0.800000011920929,0.0,1.3146880865097046,226.27572631835938,0.26851850748062134,0.15000000596046448,2.5853710174560547,1.9065217971801758,0.7035546898841858,0.0,0.0,0.0,-72.42407989501953,192.42408752441406,999.0,0.0,0.8591758479460813
1511.0,0.0006618133629672229,-85.09762573242188,0.6344735026359558,0.49960216879844666,0.3312228322029114,0.8952699899673462,35.53353500366211,6.5430707931518555,0.0,1.0,1.0,0.0,0.800000011920929,0.0,1.3146880865097046,226.27572631835938,0.26851850748062134,0.15000000596046448,2.5853710174560547,1.9065217971801758,0.7035546898841858,4.0,0.0,0.0,-215.25003051757812,275.2500305175781,999.0,0.0,1.0
1511.0,0.0006618133629672229,-85.09762573242188,0.6344735026359558,0.49960216879844666,0.3312228322029114,0.8952699899673462,35.53353500366211,6.5430707931518555,0.0,1.0,1.0,0.0,0.800000011920929,0.0,1.3146880865097046,226.27572631835938,0.26851850748062134,0.15000000596046448,2.5853710174560547,1.9065217971801758,0.7035546898841858,4.0,0.0,0.0,-519.3374633789062,579.3374633789062,999.0,0.0,1.0
1511.0,0.0006618133629672229,-85.09762573242188,0.6344735026359558,0.49960216879844666,0.3312228322029114,0.8952699899673462,35.53353500366211,6.5430707931518555,0.0,1.0,1.0,0.0,0.800000011920929,0.0,1.3146880865097046,226.27572631835938,0.26851850748062134,0.15000000596046448,2.5853710174560547,1.9065217971801758,0.7035546898841858,0.0,0.0,0.0,-436.84002685546875,556.8400268554688,999.0,0.0,0.9166666666666667
1511.0,0.0006618133629672229,-85.09762573242188,0.6344735026359558,0.49960216879844666,0.3312228322029114,0.8952699899673462,35.53353500366211,6.5430707931518555,0.0,1.0,1.0,0.0,0.800000011920929,0.0,1.3146880865097046,226.27572631835938,0.26851850748062134,0.15000000596046448,2.5853710174560547,1.9065217971801758,0.7035546898841858,0.0,0.0,0.0,-68.8383560180664,188.83834838867188,999.0,0.0,0.876475798370372
1500.0,0.0013333333190530539,-85.06912231445312,0.6390013694763184,0.5337966084480286,0.3561466634273529,0.9439907670021057,35.62220001220703,6.814367771148682,0.0,1.0,2.0,0.0,0.800000011920929,0.0,1.30148446559906,186.6165771484375,0.21120689809322357,0.25,2.5630123615264893,1.9117764234542847,0.7112010717391968,0.0,0.0,0.0,-150.04518127441406,270.0451965332031,999.0,0.0,0.9016665848475975
1500.0,0.0013333333190530539,-85.06912231445312,0.6390013694763184,0.5337966084480286,0.3561466634273529,0.9439907670021057,35.62220001220703,6.814367771148682,0.0,1.0,2.0,0.0,0.800000011920929,0.0,1.30148446559906,186.6165771484375,0.21120689809322357,0.25,2.5630123615264893,1.9117764234542847,0.7112010717391968,0.0,0.0,0.0,-389.5485534667969,509.5485534667969,999.0,0.0,0.9166666666666667
1500.0,0.0013333333190530539,-85.06912231445312,0.6390013694763184,0.5337966084480286,0.3561466634273529,0.9439907670021057,35.62220001220703,6.814367771148682,0.0,1.0,2.0,0.0,0.800000011920929,0.0,1.30148446559906,186.6165771484375,0.21120689809322357,0.25,2.5630123615264893,1.9117764234542847,0.7112010717391968,4.0,0.0,0.0,-253.50868225097656,313.5086975097656,999.0,0.0,1.0
1500.0,0.0013333333190530539,-85.06912231445312,0.6390013694763184,0.5337966084480286,0.3561466634273529,0.9439907670021057,35.62220001220703,6.814367771148682,0.0,1.0,2.0,0.0,0.800000011920929,0.0,1.30148446559906,186.6165771484375,0.21120689809322357,0.25,2.5630123615264893,1.9117764234542847,0.7112010717391968,0.0,0.0,0.0,-400.8409118652344,520.8408813476562,999.0,0.0,0.9166666666666667
1500.0,0.0013333333190530539,-85.06912231445312,0.6390013694763184,0.5337966084480286,0.3561466634273529,0.9439907670021057,35.62220001220703,6.814367771148682,0.0,1.0,2.0,0.0,0.800000011920929,0.0,1.30148446559906,186.6165771484375,0.21120689809322357,0.25,2.5630123615264893,1.9117764234542847,0.7112010717391968,0.0,0.0,0.0,-311.3504943847656,431.3504943847656,999.0,0.0,0.6666666666666667
1500.0,0.0013333333190530539,-85.06912231445312,0.6390013694763184,0.5337966084480286,0.3561466634273529,0.9439907670021057,35.62220001220703,6.814367771148682,0.0,1.0,2.0,0.0,0.800000011920929,0.0,1.30148446559906,186.6165771484375,0.21120689809322357,0.25,2.5630123615264893,1.9117764234542847,0.7112010717391968,0.0,0.0,0.0,-84.35840606689453,204.35841369628906,999.0,0.0,0.9166666666666667
1500.0,0.0013333333190530539,-85.06912231445312,0.6390013694763184,0.5337966084480286,0.3561466634273529,0.9439907670021057,35.62220001220703,6.814367771148682,0.0,1.0,2.0,0.0,0.800000011920929,0.0,1.30148446559906,186.6165771484375,0.21120689809322357,0.25,2.5630123615264893,1.9117764234542847,0.7112010717391968,0.0,0.0,0.0,-454.09918212890625,574.0991821289062,999.0,0.0,0.9166666666666667
1500.0,0.0013333333190530539,-85.06912231445312,0.6390013694763184,0.5337966084480286,0.3561466634273529,0.9439907670021057,35.62220001220703,6.814367771148682,0.0,1.0,2.0,0.0,0.800000011920929,0.0,1.30148446559906,186.6165771484375,0.21120689809322357,0.25,2.5630123615264893,1.9117764234542847,0.7112010717391968,4.0,0.0,0.0,-270.0,330.0,999.0,0.0,1.0
1500.0,0.0013333333190530539,-85.06912231445312,0.6390013694763184,0.5337966084480286,0.3561466634273529,0.9439907670021057,35.62220001220703,6.814367771148682,0.0,1.0,2.0,0.0,0.800000011920929,0.0,1.30148446559906,186.6165771484375,0.21120689809322357,0.25,2.5630123615264893,1.9117764234542847,0.7112010717391968,0.0,0.0,0.0,-476.11431884765625,596.1143188476562,999.0,0.0,0.9166666666666667
1500.0,0.0013333333190530539,-85.06912231445312,0.6390013694763184,0.5337966084480286,0.3561466634273529,0.9439907670021057,35.62220001220703,6.814367771148682,0.0,1.0,2.0,0.0,0.800000011920929,0.0,1.30148446559906,186.6165771484375,0.21120689809322357,0.25,2.5630123615264893,1.9117764234542847,0.7112010717391968,4.0,0.0,0.0,-360.0,420.0,999.0,0.0,1.0
1468.0,0.00136239780113101,-86.14775848388672,0.6429065465927124,0.509192705154419,0.35166969895362854,0.959822952747345,35.50135803222656,6.6305084228515625,0.0,1.0,1.0,0.0,0.800000011920929,0.0,1.3208996057510376,225.42588806152344,0.27166277170181274,0.15000000596046448,2.5690011978149414,1.9245800971984863,0.7169550061225891,0.0,0.0,0.0,-120.0,240.0,999.0,0.0,0.7234669701807328
1468.0,0.00136239780113101,-86.14775848388672,0.6429065465927124,0.509192705154419,0.35166969895362854,0.959822952747345,35.50135803222656,6.6305084228515625,0.0,1.0,1.0,0.0,0.800000011920929,0.0,1.3208996057510376,225.42588806152344,0.27166277170181274,0.15000000596046448,2.5690011978149414,1.9245800971984863,0.7169550061225891,0.0,0.0,0.0,-192.4563446044922,312.45635986328125,999.0,0.0,0.9041645603017245
1468.0,0.00136239780113101,-86.14775848388672,0.6429065465927124,0.509192705154419,0.35166969895362854,0.959822952747345,35.50135803222656,6.6305084228515625,0.0,1.0,1.0,0.0,0.800000011920929,0.0,1.3208996057510376,225.42588806152344,0.27166277170181274,0.15000000596046448,2.5690011978149414,1.9245800971984863,0.7169550061225891,0.0,0.0,0.0,-374.0473327636719,494.0473327636719,999.0,0.0,0.9166666666666667
1468.0,0.00136239780113101,-86.14775848388672,0.6429065465927124,0.509192705154419,0.35166969895362854,0.959822952747345,35.50135803222656,6.6305084228515625,0.0,1.0,1.0,0.0,0.800000011920929,0.0,1.3208996057510376,225.42588806152344,0.27166277170181274,0.15000000596046448,2.5690011978149414,1.9245800971984863,0.7169550061225891,0.0,0.0,0.0,-291.84686279296875,411.84686279296875,999.0,0.0,0.9166666666666667
1468.0,0.00136239780113101,-86.14775848388672,0.6429065465927124,0.509192705154419,0.35166969895362854,0.959822952747345,35.50135803222656,6.6305084228515625,0.0,1.0,1.0,0.0,0.800000011920929,0.0,1.3208996057510376,225.42588806152344,0.27166277170181274,0.15000000596046448,2.5690011978149414,1.9245800971984863,0.7169550061225891,4.0,0.0,0.0,-83.87859344482422,143.8785858154297,999.0,0.0,1.0
1468.0,0.00136239780113101,-86.14775848388672,0.6429065465927124,0.509192705154419,0.35166969895362854,0.959822952747345,35.50135803222656,6.6305084228515625,0.0,1.0,1.0,0.0,0.800000011920929,0.0,1.3208996057510376,225.42588806152344,0.27166277170181274,0.15000000596046448,2.5690011978149414,1.9245800971984863,0.7169550061225891,4.0,0.0,0.0,-90.0,150.0,999.0,0.0,1.0
1468.0,0.00136239780113101,-86.14775848388672,0.6429065465927124,0.509192705154419,0.35166969895362854,0.959822952747345,35.50135803222656,6.6305084228515625,0.0,1.0,1.0,0.0,0.800000011920929,0.0,1.3208996057510376,225.42588806152344,0.27166277170181274,0.15000000596046448,2.5690011978149414,1.9245800971984863,0.7169550061225891,0.0,0.0,0.0,-53.3051643371582,173.30516052246094,999.0,0.0,0.9166666666666667
1468.0,0.00136239780113101,-86.14775848388672,0.6429065465927124,0.509192705154419,0.35166969895362854,0.959822952747345,35.50135803222656,6.6305084228515625,0.0,1.0,1.0,0.0,0.800000011920929,0.0,1.3208996057510376,225.42588806152344,0.27166277170181274,0.15000000596046448,2.5690011978149414,1.9245800971984863,0.7169550061225891,0.0,0.0,0.0,-471.8479919433594,591.8480224609375,999.0,0.0,0.9166666666666667
1468.0,0.00136239780113101,-86.14775848388672,0.6429065465927124,0.509192705154419,0.35166969895362854,0.959822952747345,35.50135803222656,6.6305084228515625,0.0,1.0,1.0,0.0,0.800000011920929,0.0,1.3208996057510376,225.42588806152344,0.27166277170181274,0.15000000596046448,2.5690011978149414,1.9245800971984863,0.7169550061225891,0.0,0.0,0.0,-462.92327880859375,582.9232788085938,999.0,0.0,0.9166666666666667
1468.0,0.00136239780113101,-86.14775848388672,0.6429065465927124,0.509192705154419,0.35166969895362854,0.959822952747345,35.50135803222656,6.6305084228515625,0.0,1.0,1.0,0.0,0.800000011920929,0.0,1.3208996057510376,225.42588806152344,0.27166277170181274,0.15000000596046448,2.5690011978149414,1.9245800971984863,0.7169550061225891,0.0,0.0,0.0,-30.0,150.0,999.0,0.0,0.8898024762877709
1485.0,0.0,-91.2618408203125,0.6589673757553101,0.5333183407783508,0.3619084060192108,0.9920625686645508,35.367881774902344,7.014950275421143,0.0,1.0,2.0,0.0,0.800000011920929,0.0,1.3235054016113281,300.59228515625,0.25701943039894104,0.25,2.53863263130188,1.9154353141784668,0.7119565010070801,0.0,0.0,0.0,-120.10638427734375,240.10638427734375,999.0,0.0,0.8964675180413996
1485.0,0.0,-91.2618408203125,0.6589673757553101,0.5333183407783508,0.3619084060192108,0.9920625686645508,35.367881774902344,7.014950275421143,0.0,1.0,2.0,0.0,0.800000011920929,0.0,1.3235054016113281,300.59228515625,0.25701943039894104,0.25,2.53863263130188,1.9154353141784668,0.7119565010070801,4.0,0.0,0.0,-319.95489501953125,379.95489501953125,999.0,0.0,1.0
1485.0,0.0,-91.2618408203125,0.6589673757553101,0.5333183407783508,0.3619084060192108,0.9920625686645508,35.367881774902344,7.014950275421143,0.0,1.0,2.0,0.0,0.800000011920929,0.0,1.3235054016113281,300.59228515625,0.25701943039894104,0.25,2.53863263130188,1.9154353141784668,0.7119565010070801,4.0,0.0,0.0,-70.06989288330078,130.0699005126953,999.0,0.0,1.0
1485.0,0.0,-91.2618408203125,0.6589673757553101,0.5333183407783508,0.3619084060192108,0.9920625686645508,35.367881774902344,7.014950275421143,0.0,1.0,2.0,0.0,0.800000011920929,0.0,1.3235054016113281,300.59228515625,0.25701943039894104,0.25,2.53863263130188,1.9154353141784668,0.7119565010070801,0.0,0.0,0.0,-472.28057861328125,592.2805786132812,999.0,0.0,0.9166666666666667
1485.0,0.0,-91.2618408203125,0.6589673757553101,0.5333183407783508,0.3619084060192108,0.9920625686645508,35.367881774902344,7.014950275421143,0.0,1.0,2.0,0.0,0.800000011920929,0.0,1.3235054016113281,300.59228515625,0.25701943039894104,0.25,2.53863263130188,1.9154353141784668,0.7119565010070801,4.0,0.0,0.0,-68.58749389648438,128.58749389648438,999.0,0.0,1.0
1485.0,0.0,-91.2618408203125,0.6589673757553101,0.5333183407783508,0.3619084060192108,0.9920625686645508,35.367881774902344,7.014950275421143,0.0,1.0,2.0,0.0,0.800000011920929,0.0,1.3235054016113281,300.59228515625,0.25701943039894104,0.25,2.53863263130188,1.9154353141784668,0.7119565010070801,0.0,0.0,0.0,-392.00274658203125,512.0027465820312,999.0,0.0,0.9166666666666667
1485.0,0.0,-91.2618408203125,0.6589673757553101,0.5333183407783508,0.3619084060192108,0.9920625686645508,35.367881774902344,7.014950275421143,0.0,1.0,2.0,0.0,0.800000011920929,0.0,1.3235054016113281,300.59228515625,0.25701943039894104,0.25,2.53863263130188,1.9154353141784668,0.7119565010070801,0.0,0.0,0.0,-426.6809997558594,546.6809692382812,999.0,0.0,0.9166666666666667
1485.0,0.0,-91.2618408203125,0.6589673757553101,0.5333183407783508,0.3619084060192108,0.9920625686645508,35.367881774902344,7.014950275421143,0.0,1.0,2.0,0.0,0.800000011920929,0.0,1.3235054016113281,300.59228515625,0.25701943039894104,0.25,2.53863263130188,1.9154353141784668,0.7119565010070801,0.0,0.0,0.0,-324.4552917480469,444.4552917480469,999.0,0.0,0.9166666666666667
1485.0,0.0,-91.2618408203125,0.6589673757553101,0.5333183407783508,0.3619084060192108,0.9920625686645508,35.367881774902344,7.014950275421143,0.0,1.0,2.0,0.0,0.800000011920929,0.0,1.3235054016113281,300.59228515625,0.25701943039894104,0.25,2.53863263130188,1.9154353141784668,0.7119565010070801,0.0,0.0,0.0,-292.9477233886719,412.9477233886719,999.0,0.0,0.9166666666666667
1485.0,0.0,-91.2618408203125,0.6589673757553101,0.5333183407783508,0.3619084060192108,0.9920625686645508,35.367881774902344,7.014950275421143,0.0,1.0,2.0,0.0,0.800000011920929,0.0,1.3235054016113281,300.59228515625,0.25701943039894104,0.25,2.53863263130188,1.9154353141784668,0.7119565010070801,1.0,0.0,0.0,-433.6571350097656,593.6571655273438,999.0,0.0,0.875
1438.0,0.0,-82.22704315185547,0.6615384817123413,0.5447340607643127,0.3526459038257599,0.9766215682029724,35.4808464050293,6.970804691314697,0.0,1.0,5.0,0.0,0.800000011920929,0.0,1.3058741092681885,203.1749267578125,0.2075892835855484,0.550000011920929,2.5091075897216797,1.9026942253112793,0.7118881344795227,4.0,0.0,0.0,-95.72030639648438,155.72030639648438,999.0,0.0,1.0
1438.0,0.0,-82.22704315185547,0.6615384817123413,0.5447340607643127,0.3526459038257599,0.9766215682029724,35.4808464050293,6.970804691314697,0.0,1.0,5.0,0.0,0.800000011920929,0.0,1.3058741092681885,203.1749267578125,0.2075892835855484,0.550000011920929,2.5091075897216797,1.9026942253112793,0.7118881344795227,4.0,0.0,0.0,-387.1423034667969,447.1423034667969,999.0,0.0,1.0
1438.0,0.0,-82.22704315185547,0.6615384817123413,0.5447340607643127,0.3526459038257599,0.9766215682029724,35.4808464050293,6.970804691314697,0.0,1.0,5.0,0.0,0.800000011920929,0.0,1.3058741092681885,203.1749267578125,0.2075892835855484,0.550000011920929,2.5091075897216797,1.9026942253112793,0.7118881344795227,4.0,0.0,0.0,-380.02825927734375,440.02825927734375,999.0,0.0,1.0
1438.0,0.0,-82.22704315185547,0.6615384817123413,0.5447340607643127,0.3526459038257599,0.9766215682029724,35.4808464050293,6.970804691314697,0.0,1.0,5.0,0.0,0.800000011920929,0.0,1.3058741092681885,203.1749267578125,0.2075892835855484,0.550000011920929,2.5091075897216797,1.9026942253112793,0.7118881344795227,0.0,0.0,0.0,-406.36956787109375,526.3695678710938,999.0,0.0,0.9166666666666667
1438.0,0.0,-82.22704315185547,0.6615384817123413,0.5447340607643127,0.3526459038257599,0.9766215682029724,35.4808464050293,6.970804691314697,0.0,1.0,5.0,0.0,0.800000011920929,0.0,1.3058741092681885,203.1749267578125,0.2075892835855484,0.550000011920929,2.5091075897216797,1.9026942253112793,0.7118881344795227,0.0,0.0,0.0,-135.62344360351562,255.62344360351562,999.0,0.0,0.7771486786258424
1438.0,0.0,-82.22704315185547,0.6615384817123413,0.5447340607643127,0.3526459038257599,0.9766215682029724,35.4808464050293,6.970804691314697,0.0,1.0,5.0,0.0,0.800000011920929,0.0,1.3058741092681885,203.1749267578125,0.2075892835855484,0.550000011920929,2.5091075897216797,1.9026942253112793,0.7118881344795227,0.0,0.0,0.0,-215.53611755371094,335.5361022949219,999.0,0.0,0.9166666666666667
1438.0,0.0,-82.22704315185547,0.6615384817123413,0.5447340607643127,0.3526459038257599,0.9766215682029724,35.4808464050293,6.970804691314697,0.0,1.0,5.0,0.0,0.800000011920929,0.0,1.3058741092681885,203.1749267578125,0.2075892835855484,0.550000011920929,2.5091075897216797,1.9026942253112793,0.7118881344795227,0.0,0.0,0.0,-442.73162841796875,562.7316284179688,999.0,0.0,0.9166666666666667
1438.0,0.0,-82.22704315185547,0.6615384817123413,0.5447340607643127,0.3526459038257599,0.9766215682029724,35.4808464050293,6.970804691314697,0.0,1.0,5.0,0.0,0.800000011920929,0.0,1.3058741092681885,203.1749267578125,0.2075892835855484,0.550000011920929,2.5091075897216797,1.9026942253112793,0.7118881344795227,4.0,0.0,0.0,-69.56402587890625,129.56402587890625,999.0,0.0,1.0
1438.0,0.0,-82.22704315185547,0.6615384817123413,0.5447340607643127,0.3526459038257599,0.9766215682029724,35.4808464050293,6.970804691314697,0.0,1.0,5.0,0.0,0.800000011920929,0.0,1.3058741092681885,203.1749267578125,0.2075892835855484,0.550000011920929,2.5091075897216797,1.9026942253112793,0.7118881344795227,4.0,0.0,0.0,-204.24996948242188,264.2499694824219,999.0,0.0,1.0
1438.0,0.0,-82.22704315185547,0.6615384817123413,0.5447340607643127,0.3526459038257599,0.9766215682029724,35.4808464050293,6.970804691314697,0.0,1.0,5.0,0.0,0.800000011920929,0.0,1.3058741092681885,203.1749267578125,0.2075892835855484,0.550000011920929,2.5091075897216797,1.9026942253112793,0.7118881344795227,4.0,0.0,0.0,-312.0151672363281,372.0151672363281,999.0,0.0,1.0
1504.0,0.0,-78.4970703125,0.6166778802871704,0.5319576859474182,0.35234689712524414,0.968786895275116,35.60540008544922,6.859736442565918,0.0,0.0,0.0,0.0,0.800000011920929,0.0,1.3014122247695923,302.4794921875,0.21826280653476715,0.05000000074505806,2.5574543476104736,1.9301954507827759,0.6886348128318787,4.0,0.0,0.0,-473.720458984375,533.720458984375,999.0,0.0,1.0
1504.0,0.0,-78.4970703125,0.6166778802871704,0.5319576859474182,0.35234689712524414,0.968786895275116,35.60540008544922,6.859736442565918,0.0,0.0,0.0,0.0,0.800000011920929,0.0,1.3014122247695923,302.4794921875,0.21826280653476715,0.05000000074505806,2.5574543476104736,1.9301954507827759,0.6886348128318787,4.0,0.0,0.0,-370.05657958984375,430.05657958984375,999.0,0.0,1.0
1504.0,0.0,-78.4970703125,0.6166778802871704,0.5319576859474182,0.35234689712524414,0.968786895275116,35.60540008544922,6.859736442565918,0.0,0.0,0.0,0.0,0.800000011920929,0.0,1.3014122247695923,302.4794921875,0.21826280653476715,0.05000000074505806,2.5574543476104736,1.9301954507827759,0.6886348128318787,0.0,0.0,0.0,-120.17848205566406,240.17848205566406,999.0,0.0,0.9046256824005295
1504.0,0.0,-78.4970703125,0.6166778802871704,0.5319576859474182,0.35234689712524414,0.968786895275116,35.60540008544922,6.859736442565918,0.0,0.0,0.0,0.0,0.800000011920929,0.0,1.3014122247695923,302.4794921875,0.21826280653476715,0.05000000074505806,2.5574543476104736,1.9301954507827759,0.6886348128318787,4.0,0.0,0.0,-316.85076904296875,376.85076904296875,999.0,0.0,1.0
1504.0,0.0,-78.4970703125,0.6166778802871704,0.5319576859474182,0.35234689712524414,0.968786895275116,35.60540008544922,6.859736442565918,0.0,0.0,0.0,0.0,0.800000011920929,0.0,1.3014122247695923,302.4794921875,0.21826280653476715,0.05000000074505806,2.5574543476104736,1.9301954507827759,0.6886348128318787,4.0,0.0,0.0,-450.7735290527344,510.7735290527344,999.0,0.0,1.0
1504.0,0.0,-78.4970703125,0.6166778802871704,0.5319576859474182,0.35234689712524414,0.968786895275116,35.60540008544922,6.859736442565918,0.0,0.0,0.0,0.0,0.800000011920929,0.0,1.3014122247695923,302.4794921875,0.21826280653476715,0.05000000074505806,2.5574543476104736,1.9301954507827759,0.6886348128318787,4.0,0.0,0.0,-264.15960693359375,324.15960693359375,999.0,0.0,1.0
1504.0,0.0,-78.4970703125,0.6166778802871704,0.5319576859474182,0.35234689712524414,0.968786895275116,35.60540008544922,6.859736442565918,0.0,0.0,0.0,0.0,0.800000011920929,0.0,1.3014122247695923,302.4794921875,0.21826280653476715,0.05000000074505806,2.5574543476104736,1.9301954507827759,0.6886348128318787,0.0,0.0,0.0,-150.5133056640625,270.5133056640625,999.0,0.0,0.9128155963103181
1504.0,0.0,-78.4970703125,0.6166778802871704,0.5319576859474182,0.35234689712524414,0.968786895275116,35.60540008544922,6.859736442565918,0.0,0.0,0.0,0.0,0.800000011920929,0.0,1.3014122247695923,302.4794921875,0.21826280653476715,0.05000000074505806,2.5574543476104736,1.9301954507827759,0.6886348128318787,4.0,0.0,0.0,-315.0,375.0,999.0,0.0,1.0
1504.0,0.0,-78.4970703125,0.6166778802871704,0.5319576859474182,0.35234689712524414,0.968786895275116,35.60540008544922,6.859736442565918,0.0,0.0,0.0,0.0,0.800000011920929,0.0,1.3014122247695923,302.4794921875,0.21826280653476715,0.05000000074505806,2.5574543476104736,1.9301954507827759,0.6886348128318787,0.0,0.0,0.0,-322.4267272949219,442.4267272949219,999.0,0.0,0.7268997527499601
1504.0,0.0,-78.4970703125,0.6166778802871704,0.5319576859474182,0.35234689712524414,0.968786895275116,35.60540008544922,6.859736442565918,0.0,0.0,0.0,0.0,0.800000011920929,0.0,1.3014122247695923,302.4794921875,0.21826280653476715,0.05000000074505806,2.5574543476104736,1.9301954507827759,0.6886348128318787,0.0,0.0,0.0,-420.4134216308594,540.4134521484375,999.0,0.0,0.9166666666666667
1546.0,0.0,-87.17974853515625,0.6459423899650574,0.5121618509292603,0.3553694784641266,0.9564306139945984,35.41940689086914,6.59796142578125,0.0,1.0,2.0,0.0,0.800000011920929,0.0,1.3295811414718628,308.6398010253906,0.2709832191467285,0.25,2.5713789463043213,1.8801404237747192,0.7126963138580322,4.0,0.0,0.0,-401.9307556152344,461.9307556152344,999.0,0.0,1.0
1546.0,0.0,-87.17974853515625,0.6459423899650574,0.5121618509292603,0.3553694784641266,0.9564306139945984,35.41940689086914,6.59796142578125,0.0,1.0,2.0,0.0,0.800000011920929,0.0,1.3295811414718628,308.6398010253906,0.2709832191467285,0.25,2.5713789463043213,1.8801404237747192,0.7126963138580322,4.0,0.0,0.0,-28.076868057250977,88.07686614990234,999.0,0.0,1.0
1546.0,0.0,-87.17974853515625,0.6459423899650574,0.5121618509292603,0.3553694784641266,0.9564306139945984,35.41940689086914,6.59796142578125,0.0,1.0,2.0,0.0,0.800000011920929,0.0,1.3295811414718628,308.6398010253906,0.2709832191467285,0.25,2.5713789463043213,1.8801404237747192,0.7126963138580322,0.0,0.0,0.0,-358.0982971191406,478.0982971191406,999.0,0.0,0.849302576424938
1546.0,0.0,-87.17974853515625,0.6459423899650574,0.5121618509292603,0.3553694784641266,0.9564306139945984,35.41940689086914,6.59796142578125,0.0,1.0,2.0,0.0,0.800000011920929,0.0,1.3295811414718628,308.6398010253906,0.2709832191467285,0.25,2.5713789463043213,1.8801404237747192,0.7126963138580322,4.0,0.0,0.0,-503.06268310546875,563.0626831054688,999.0,0.0,1.0
1546.0,0.0,-87.17974853515625,0.6459423899650574,0.5121618509292603,0.3553694784641266,0.9564306139945984,35.41940689086914,6.59796142578125,0.0,1.0,2.0,0.0,0.800000011920929,0.0,1.3295811414718628,308.6398010253906,0.2709832191467285,0.25,2.5713789463043213,1.8801404237747192,0.7126963138580322,0.0,0.0,0.0,-337.001708984375,457.001708984375,999.0,0.0,0.9025244917684375
1546.0,0.0,-87.17974853515625,0.6459423899650574,0.5121618509292603,0.3553694784641266,0.9564306139945984,35.41940689086914,6.59796142578125,0.0,1.0,2.0,0.0,0.800000011920929,0.0,1.3295811414718628,308.6398010253906,0.2709832191467285,0.25,2.5713789463043213,1.8801404237747192,0.7126963138580322,0.0,0.0,0.0,-381.3160705566406,501.3160705566406,999.0,0.0,0.9125420866985987
1546.0,0.0,-87.17974853515625,0.6459423899650574,0.5121618509292603,0.3553694784641266,0.9564306139945984,35.41940689086914,6.59796142578125,0.0,1.0,2.0,0.0,0.800000011920929,0.0,1.3295811414718628,308.6398010253906,0.2709832191467285,0.25,2.5713789463043213,1.8801404237747192,0.7126963138580322,0.0,0.0,0.0,-275.04248046875,395.04248046875,999.0,0.0,0.8068646848170257
1546.0,0.0,-87.17974853515625,0.6459423899650574,0.5121618509292603,0.3553694784641266,0.9564306139945984,35.41940689086914,6.59796142578125,0.0,1.0,2.0,0.0,0.800000011920929,0.0,1.3295811414718628,308.6398010253906,0.2709832191467285,0.25,2.5713789463043213,1.8801404237747192,0.7126963138580322,4.0,0.0,0.0,-465.5703430175781,525.5703125,999.0,0.0,1.0
1546.0,0.0,-87.17974853515625,0.6459423899650574,0.5121618509292603,0.3553694784641266,0.9564306139945984,35.41940689086914,6.59796142578125,0.0,1.0,2.0,0.0,0.800000011920929,0.0,1.3295811414718628,308.6398010253906,0.2709832191467285,0.25,2.5713789463043213,1.8801404237747192,0.7126963138580322,4.0,0.0,0.0,-122.9083480834961,182.90834045410156,999.0,0.0,1.0
1546.0,0.0,-87.17974853515625,0.6459423899650574,0.5121618509292603,0.3553694784641266,0.9564306139945984,35.41940689086914,6.59796142578125,0.0,1.0,2.0,0.0,0.800000011920929,0.0,1.3295811414718628,308.6398010253906,0.2709832191467285,0.25,2.5713789463043213,1.8801404237747192,0.7126963138580322,4.0,0.0,0.0,-90.0,150.0,999.0,0.0,1.0
1492.0,0.0,-81.64442443847656,0.6290760636329651,0.5350636839866638,0.34913402795791626,0.9469935894012451,35.607421875,6.765372276306152,0.0,1.0,2.0,0.0,0.800000011920929,0.0,1.3073369264602661,272.1607666015625,0.24611973762512207,0.25,2.5385570526123047,1.8979536294937134,0.6963315010070801,4.0,0.0,0.0,-262.0247497558594,322.0247497558594,999.0,0.0,1.0
1492.0,0.0,-81.64442443847656,0.6290760636329651,0.5350636839866638,0.34913402795791626,0.9469935894012451,35.607421875,6.765372276306152,0.0,1.0,2.0,0.0,0.800000011920929,0.0,1.3073369264602661,272.1607666015625,0.24611973762512207,0.25,2.5385570526123047,1.8979536294937134,0.6963315010070801,4.0,0.0,0.0,-255.39443969726562,315.3944396972656,999.0,0.0,1.0
1492.0,0.0,-81.64442443847656,0.6290760636329651,0.5350636839866638,0.34913402795791626,0.9469935894012451,35.607421875,6.765372276306152,0.0,1.0,2.0,0.0,0.800000011920929,0.0,1.3073369264602661,272.1607666015625,0.24611973762512207,0.25,2.5385570526123047,1.8979536294937134,0.6963315010070801,4.0,0.0,0.0,-166.3031463623047,226.3031463623047,999.0,0.0,1.0
1492.0,0.0,-81.64442443847656,0.6290760636329651,0.5350636839866638,0.34913402795791626,0.9469935894012451,35.607421875,6.765372276306152,0.0,1.0,2.0,0.0,0.800000011920929,0.0,1.3073369264602661,272.1607666015625,0.24611973762512207,0.25,2.5385570526123047,1.8979536294937134,0.6963315010070801,0.0,0.0,0.0,-76.80904388427734,196.8090362548828,999.0,0.0,0.9166666666666667
1492.0,0.0,-81.64442443847656,0.6290760636329651,0.5350636839866638,0.34913402795791626,0.9469935894012451,35.607421875,6.765372276306152,0.0,1.0,2.0,0.0,0.800000011920929,0.0,1.3073369264602661,272.1607666015625,0.24611973762512207,0.25,2.5385570526123047,1.8979536294937134,0.6963315010070801,4.0,0.0,0.0,-135.0,195.0,999.0,0.0,1.0
1492.0,0.0,-81.64442443847656,0.6290760636329651,0.5350636839866638,0.34913402795791626,0.9469935894012451,35.607421875,6.765372276306152,0.0,1.0,2.0,0.0,0.800000011920929,0.0,1.3073369264602661,272.1607666015625,0.24611973762512207,0.25,2.5385570526123047,1.8979536294937134,0.6963315010070801,4.0,0.0,0.0,-449.025146484375,509.025146484375,999.0,0.0,1.0
1492.0,0.0,-81.64442443847656,0.6290760636329651,0.5350636839866638,0.34913402795791626,0.9469935894012451,35.607421875,6.765372276306152,0.0,1.0,2.0,0.0,0.800000011920929,0.0,1.3073369264602661,272.1607666015625,0.24611973762512207,0.25,2.5385570526123047,1.8979536294937134,0.6963315010070801,4.0,0.0,0.0,-143.9042510986328,203.9042510986328,999.0,0.0,1.0
1492.0,0.0,-81.64442443847656,0.6290760636329651,0.5350636839866638,0.34913402795791626,0.9469935894012451,35.607421875,6.765372276306152,0.0,1.0,2.0,0.0,0.800000011920929,0.0,1.3073369264602661,272.1607666015625,0.24611973762512207,0.25,2.5385570526123047,1.8979536294937134,0.6963315010070801,0.0,0.0,0.0,-440.27825927734375,560.2782592773438,999.0,0.0,0.9166666666666667
1492.0,0.0,-81.64442443847656,0.6290760636329651,0.5350636839866638,0.34913402795791626,0.9469935894012451,35.607421875,6.765372276306152,0.0,1.0,2.0,0.0,0.800000011920929,0.0,1.3073369264602661,272.1607666015625,0.24611973762512207,0.25,2.5385570526123047,1.8979536294937134,0.6963315010070801,4.0,0.0,0.0,-361.9472961425781,421.9472961425781,999.0,0.0,1.0
1492.0,0.0,-81.64442443847656,0.6290760636329651,0.5350636839866638,0.34913402795791626,0.9469935894012451,35.607421875,6.765372276306152,0.0,1.0,2.0,0.0,0.800000011920929,0.0,1.3073369264602661,272.1607666015625,0.24611973762512207,0.25,2.5385570526123047,1.8979536294937134,0.6963315010070801,4.0,0.0,0.0,-280.2275390625,340.2275390625,999.0,0.0,1.0
1529.0,0.0,-86.42237091064453,0.6467859745025635,0.534145712852478,0.3590376079082489,0.9585340619087219,35.54347610473633,6.271969795227051,0.0,1.0,3.0,0.0,0.800000011920929,0.0,1.3043737411499023,191.9087371826172,0.2142857164144516,0.3499999940395355,2.5741615295410156,1.88252854347229,0.7150430679321289,4.0,0.0,0.0,-48.67208480834961,108.67208099365234,999.0,0.0,1.0
1529.0,0.0,-86.42237091064453,0.6467859745025635,0.534145712852478,0.3590376079082489,0.9585340619087219,35.54347610473633,6.271969795227051,0.0,1.0,3.0,0.0,0.800000011920929,0.0,1.3043737411499023,191.9087371826172,0.2142857164144516,0.3499999940395355,2.5741615295410156,1.88252854347229,0.7150430679321289,0.0,0.0,0.0,-255.0,375.0,999.0,0.0,0.8671590658574977
1529.0,0.0,-86.42237091064453,0.6467859745025635,0.534145712852478,0.3590376079082489,0.9585340619087219,35.54347610473633,6.271969795227051,0.0,1.0,3.0,0.0,0.800000011920929,0.0,1.3043737411499023,191.9087371826172,0.2142857164144516,0.3499999940395355,2.5741615295410156,1.88252854347229,0.7150430679321289,0.0,0.0,0.0,-479.3148193359375,599.3148193359375,999.0,0.0,0.9166666666666667
1529.0,0.0,-86.42237091064453,0.6467859745025635,0.534145712852478,0.3590376079082489,0.9585340619087219,35.54347610473633,6.271969795227051,0.0,1.0,3.0,0.0,0.800000011920929,0.0,1.3043737411499023,191.9087371826172,0.2142857164144516,0.3499999940395355,2.5741615295410156,1.88252854347229,0.7150430679321289,4.0,0.0,0.0,-66.9645004272461,126.9645004272461,999.0,0.0,1.0
1529.0,0.0,-86.42237091064453,0.6467859745025635,0.534145712852478,0.3590376079082489,0.9585340619087219,35.54347610473633,6.271969795227051,0.0,1.0,3.0,0.0,0.800000011920929,0.0,1.3043737411499023,191.9087371826172,0.2142857164144516,0.3499999940395355,2.5741615295410156,1.88252854347229,0.7150430679321289,0.0,0.0,0.0,-286.38836669921875,406.38836669921875,999.0,0.0,0.9166666666666667
1529.0,0.0,-86.42237091064453,0.6467859745025635,0.534145712852478,0.3590376079082489,0.9585340619087219,35.54347610473633,6.271969795227051,0.0,1.0,3.0,0.0,0.800000011920929,0.0,1.3043737411499023,191.9087371826172,0.2142857164144516,0.3499999940395355,2.5741615295410156,1.88252854347229,0.7150430679321289,0.0,0.0,0.0,-386.5481872558594,506.5481872558594,999.0,0.0,0.9166666666666667
1529.0,0.0,-86.42237091064453,0.6467859745025635,0.534145712852478,0.3590376079082489,0.9585340619087219,35.54347610473633,6.271969795227051,0.0,1.0,3.0,0.0,0.800000011920929,0.0,1.3043737411499023,191.9087371826172,0.2142857164144516,0.3499999940395355,2.5741615295410156,1.88252854347229,0.7150430679321289,0.0,0.0,0.0,-352.9563293457031,472.9563293457031,999.0,0.0,0.9165512288869377
1529.0,0.0,-86.42237091064453,0.6467859745025635,0.534145712852478,0.3590376079082489,0.9585340619087219,35.54347610473633,6.271969795227051,0.0,1.0,3.0,0.0,0.800000011920929,0.0,1.3043737411499023,191.9087371826172,0.2142857164144516,0.3499999940395355,2.5741615295410156,1.88252854347229,0.7150430679321289,0.0,0.0,0.0,-253.3594207763672,373.3594055175781,999.0,0.0,0.8803126703115177
1529.0,0.0,-86.42237091064453,0.6467859745025635,0.534145712852478,0.3590376079082489,0.9585340619087219,35.54347610473633,6.271969795227051,0.0,1.0,3.0,0.0,0.800000011920929,0.0,1.3043737411499023,191.9087371826172,0.2142857164144516,0.3499999940395355,2.5741615295410156,1.88252854347229,0.7150430679321289,0.0,0.0,0.0,-439.4442138671875,559.4442138671875,999.0,0.0,0.9166666666666667
1529.0,0.0,-86.42237091064453,0.6467859745025635,0.534145712852478,0.3590376079082489,0.9585340619087219,35.54347610473633,6.271969795227051,0.0,1.0,3.0,0.0,0.800000011920929,0.0,1.3043737411499023,191.9087371826172,0.2142857164144516,0.3499999940395355,2.5741615295410156,1.88252854347229,0.7150430679321289,0.0,0.0,0.0,-313.1011657714844,433.1011657714844,999.0,0.0,0.9166666666666667
1454.0,0.0,-82.72452545166016,0.6341463327407837,0.5398775935173035,0.3610524535179138,1.0,35.4514045715332,6.975028038024902,0.0,1.0,3.0,0.0,0.800000011920929,0.0,1.3089895248413086,194.83103942871094,0.18552036583423615,0.3499999940395355,2.519160509109497,1.9236054420471191,0.7045296430587769,4.0,0.0,0.0,-484.06988525390625,544.0698852539062,999.0,0.0,1.0
1454.0,0.0,-82.72452545166016,0.6341463327407837,0.5398775935173035,0.3610524535179138,1.0,35.4514045715332,6.975028038024902,0.0,1.0,3.0,0.0,0.800000011920929,0.0,1.3089895248413086,194.83103942871094,0.18552036583423615,0.3499999940395355,2.519160509109497,1.9236054420471191,0.7045296430587769,0.0,0.0,0.0,-148.5325927734375,268.5325927734375,999.0,0.0,0.8353578397377941
1454.0,0.0,-82.72452545166016,0.6341463327407837,0.5398775935173035,0.3610524535179138,1.0,35.4514045715332,6.975028038024902,0.0,1.0,3.0,0.0,0.800000011920929,0.0,1.3089895248413086,194.83103942871094,0.18552036583423615,0.3499999940395355,2.519160509109497,1.9236054420471191,0.7045296430587769,0.0,0.0,0.0,-97.67797088623047,217.67796325683594,999.0,0.0,0.9037822808191923
1454.0,0.0,-82.72452545166016,0.6341463327407837,0.5398775935173035,0.3610524535179138,1.0,35.4514045715332,6.975028038024902,0.0,1.0,3.0,0.0,0.800000011920929,0.0,1.3089895248413086,194.83103942871094,0.18552036583423615,0.3499999940395355,2.519160509109497,1.9236054420471191,0.7045296430587769,0.0,0.0,0.0,-389.7140808105469,509.7140808105469,999.0,0.0,0.9166666666666667
1454.0,0.0,-82.72452545166016,0.6341463327407837,0.5398775935173035,0.3610524535179138,1.0,35.4514045715332,6.975028038024902,0.0,1.0,3.0,0.0,0.800000011920929,0.0,1.3089895248413086,194.83103942871094,0.18552036583423615,0.3499999940395355,2.519160509109497,1.9236054420471191,0.7045296430587769,4.0,0.0,0.0,-495.0,555.0,999.0,0.0,1.0
1454.0,0.0,-82.72452545166016,0.6341463327407837,0.5398775935173035,0.3610524535179138,1.0,35.4514045715332,6.975028038024902,0.0,1.0,3.0,0.0,0.800000011920929,0.0,1.3089895248413086,194.83103942871094,0.18552036583423615,0.3499999940395355,2.519160509109497,1.9236054420471191,0.7045296430587769,0.0,0.0,0.0,-463.6231384277344,583.6231689453125,999.0,0.0,0.9166666666666667
1454.0,0.0,-82.72452545166016,0.6341463327407837,0.5398775935173035,0.3610524535179138,1.0,35.4514045715332,6.975028038024902,0.0,1.0,3.0,0.0,0.800000011920929,0.0,1.3089895248413086,194.83103942871094,0.18552036583423615,0.3499999940395355,2.519160509109497,1.9236054420471191,0.7045296430587769,4.0,0.0,0.0,-316.4037780761719,376.4037780761719,999.0,0.0,1.0
1454.0,0.0,-82.72452545166016,0.6341463327407837,0.5398775935173035,0.3610524535179138,1.0,35.4514045715332,6.975028038024902,0.0,1.0,3.0,0.0,0.800000011920929,0.0,1.3089895248413086,194.83103942871094,0.18552036583423615,0.3499999940395355,2.519160509109497,1.9236054420471191,0.7045296430587769,0.0,0.0,0.0,-435.0,555.0,999.0,0.0,0.9166666666666667
1454.0,0.0,-82.72452545166016,0.6341463327407837,0.5398775935173035,0.3610524535179138,1.0,35.4514045715332,6.975028038024902,0.0,1.0,3.0,0.0,0.800000011920929,0.0,1.3089895248413086,194.83103942871094,0.18552036583423615,0.3499999940395355,2.519160509109497,1.9236054420471191,0.7045296430587769,0.0,0.0,0.0,-123.04398345947266,243.04397583007812,999.0,0.0,0.9108210542166535
1454.0,0.0,-82.72452545166016,0.6341463327407837,0.5398775935173035,0.3610524535179138,1.0,35.4514045715332,6.975028038024902,0.0,1.0,3.0,0.0,0.800000011920929,0.0,1.3089895248413086,194.83103942871094,0.18552036583423615,0.3499999940395355,2.519160509109497,1.9236054420471191,0.7045296430587769,0.0,0.0,0.0,-143.414794921875,263.414794921875,999.0,0.0,0.9166666666666667
