n_orders_in_system,n_express_orders_pct,avg_due_date_tightness,fraction_already_late,zone_utilization_avg,zone_utilization_std,bottleneck_zone,avg_remaining_proc_time,std_remaining_proc_time,throughput_last_30min,breakdown_flag,n_broken_stations,lunch_break_flag,surge_multiplier,batch_pending_flag,avg_priority_weight,max_tardiness_so_far,sla_breach_rate_current,disruption_intensity,queue_imbalance,job_mix_entropy,time_pressure_ratio,label
16.0,0.0,583.6129150390625,0.0,0.15396057069301605,0.32864245772361755,1.0,35.21806335449219,2.8501083850860596,0.0,1.0,2.0,0.0,0.75,0.0,1.045454502105713,0.0,0.0,0.26249998807907104,2.6457512378692627,0.4394969940185547,0.0,0
30.0,0.0,596.7627563476562,0.0,0.19258753955364227,0.27162599563598633,0.7837673425674438,34.820247650146484,3.068176031112671,0.0,1.0,1.0,0.0,0.800000011920929,0.0,1.0,0.0,0.0,0.15000000596046448,2.6457512378692627,0.0,0.0,2
41.0,0.0,592.10009765625,0.0,0.2759786546230316,0.27884069085121155,0.7347471117973328,34.44169616699219,3.3211047649383545,0.0,1.0,1.0,0.0,0.8500000238418579,0.0,1.0,0.0,0.0,0.13750000298023224,2.543088912963867,0.0,0.0,2
55.0,0.0,585.037353515625,0.0,0.29699307680130005,0.2819296419620514,0.7865012884140015,33.99825668334961,3.245422840118408,0.0,1.0,1.0,0.0,0.8999999761581421,0.0,1.0116279125213623,0.0,0.0,0.125,2.5080723762512207,0.15935006737709045,0.0,3
79.0,0.0,588.5565185546875,0.0,0.33711087703704834,0.2840055525302887,0.7725719809532166,33.3658561706543,4.403385162353516,0.0,1.0,1.0,0.0,0.949999988079071,0.0,1.0,0.0,0.0,0.11249999701976776,2.555356025695801,0.0,0.0,2
98.0,0.0,586.407958984375,0.0,0.3605654835700989,0.2973916232585907,0.8650962710380554,33.8527717590332,2.9972214698791504,0.0,0.0,0.0,0.0,1.399999976158142,0.0,1.0,0.0,0.0,0.10000000149011612,2.5727949142456055,0.0,0.0,4
119.0,0.0,584.6774291992188,0.0,0.3869550824165344,0.3162458539009094,0.8626533150672913,33.45867156982422,3.784579038619995,0.0,0.0,0.0,0.0,1.399999976158142,0.0,0.9980952143669128,0.0,0.0,0.10000000149011612,2.5883569717407227,0.0776195079088211,0.0,2
131.0,0.0,580.8579711914062,0.0,0.4011419713497162,0.3165699541568756,0.8547370433807373,33.67464828491211,3.5814311504364014,0.0,0.0,0.0,0.0,1.399999976158142,0.0,0.996610164642334,0.0,0.0,0.10000000149011612,2.5448009967803955,0.12394987046718597,0.0,3
156.0,0.0,576.6813354492188,0.0,0.4090813398361206,0.32354241609573364,0.9025971293449402,33.46763610839844,3.8212943077087402,0.0,0.0,0.0,0.0,1.399999976158142,0.0,1.002816915512085,0.0,0.0,0.10000000149011612,2.520418405532837,0.20797766745090485,0.0,0
189.0,0.0,570.2547607421875,0.0,0.41543567180633545,0.3263407051563263,0.8949829936027527,33.377132415771484,3.8903677463531494,0.0,0.0,0.0,0.0,1.399999976158142,0.0,1.0138728618621826,0.0,0.0,0.10000000149011612,2.5419793128967285,0.25203636288642883,0.0,5
210.0,0.0,565.9310913085938,0.0,0.4314683973789215,0.3351755142211914,0.911592960357666,33.168052673339844,3.998533010482788,0.0,0.0,0.0,0.0,1.399999976158142,0.0,1.0122449398040771,0.0,0.0,0.10000000149011612,2.5240204334259033,0.22806525230407715,0.0,0
232.0,0.0,561.7782592773438,0.0,0.4288790225982666,0.33084139227867126,0.8978990316390991,33.35621643066406,3.7785727977752686,0.0,0.0,0.0,0.0,1.399999976158142,0.0,1.0110598802566528,0.0,0.0,0.10000000149011612,2.536115884780884,0.21011480689048767,0.0,0
256.0,0.0,557.581787109375,0.0,0.44165870547294617,0.33702534437179565,0.9393711686134338,33.42059326171875,3.828756809234619,0.0,0.0,0.0,0.0,1.399999976158142,0.0,1.0100418329238892,0.0,0.0,0.10000000149011612,2.5216174125671387,0.19431807100772858,0.0,0
280.0,0.0,554.4642333984375,0.0,0.4460168778896332,0.33491265773773193,0.9105838537216187,33.39710998535156,4.217063903808594,0.0,0.0,0.0,0.0,1.399999976158142,0.0,1.0083650350570679,0.0,0.0,0.10000000149011612,2.532008171081543,0.2033490687608719,0.0,0
303.0,0.0,551.1947021484375,0.0,0.4622810184955597,0.34618639945983887,0.9375029802322388,33.415382385253906,4.069154262542725,0.0,0.0,0.0,0.0,1.399999976158142,0.0,1.0076923370361328,0.0,0.0,0.10000000149011612,2.541330337524414,0.18999464809894562,0.0,4
321.0,0.0,547.825927734375,0.0,0.468880832195282,0.34862032532691956,0.9393873810768127,33.507606506347656,3.9151735305786133,0.0,0.0,0.0,0.0,1.399999976158142,0.0,1.00600004196167,0.0,0.0,0.10000000149011612,2.5366995334625244,0.22194072604179382,0.0,1
341.0,0.0,541.9921264648438,0.0,0.46873095631599426,0.3496413826942444,0.9436908960342407,33.37318420410156,4.109566688537598,0.0,0.0,0.0,0.0,1.399999976158142,0.0,1.0086687803268433,0.0,0.0,0.10000000149011612,2.507852792739868,0.22924275696277618,0.0,3
363.0,0.0,537.9478759765625,0.0,0.47159039974212646,0.3497040569782257,0.9335323572158813,33.484466552734375,3.8966431617736816,0.0,0.0,0.0,0.0,1.0,0.0,1.0080925226211548,0.0,0.0,0.0,2.508850336074829,0.2169160097837448,0.0,5
383.0,0.0,533.2296752929688,0.0,0.47687211632728577,0.3537898361682892,0.9362923502922058,33.53117370605469,3.873168468475342,0.0,0.0,0.0,0.0,1.0,0.0,1.0076086521148682,0.0,0.0,0.0,2.501133918762207,0.20639939606189728,0.0,4
395.0,0.0,527.2324829101562,0.0,0.4822380840778351,0.35522645711898804,0.9478068947792053,33.56803512573242,4.030763626098633,0.0,0.0,0.0,0.0,1.0,0.0,1.0069148540496826,0.0,0.0,0.0,2.4883840084075928,0.21830905973911285,0.0,4
404.0,0.0,521.9703369140625,0.0,0.4854902923107147,0.3557504117488861,0.9569059610366821,33.658626556396484,3.8568313121795654,0.0,0.0,0.0,0.0,1.0,0.0,1.0067532062530518,0.0,0.0,0.0,2.4923901557922363,0.214195117354393,0.0,5
421.0,0.0,516.7605590820312,0.0,0.4876488745212555,0.3575049936771393,0.9613299369812012,33.6695442199707,3.881154775619507,0.0,0.0,0.0,0.0,1.0,0.0,1.0064197778701782,0.0,0.0,0.0,2.4855737686157227,0.20563019812107086,0.0,3
443.0,0.0,512.2931518554688,0.0,0.4897582232952118,0.3559393882751465,0.9505359530448914,33.612213134765625,3.9564948081970215,0.0,0.0,0.0,0.0,1.0,0.0,1.0072599649429321,0.0,0.0,0.0,2.49361515045166,0.2207784205675125,0.0,2
455.0,0.0,506.5427551269531,0.0,0.4920259714126587,0.35859420895576477,0.9625244736671448,33.50910568237305,4.090407848358154,0.0,0.0,0.0,0.0,0.699999988079071,0.0,1.0082004070281982,0.0,0.0,0.07500000298023224,2.4907474517822266,0.23448309302330017,0.0,2
458.0,0.0,498.7596435546875,0.0,0.4900822937488556,0.3569805920124054,0.9552983641624451,33.54563522338867,3.957843780517578,0.0,0.0,0.0,0.0,0.699999988079071,0.0,1.0085393190383911,0.0,0.0,0.07500000298023224,2.4802463054656982,0.21828977763652802,0.0,1
467.0,0.0,493.04638671875,0.0,0.4923008382320404,0.35880550742149353,0.9605637788772583,33.53620910644531,4.135380268096924,0.0,0.0,0.0,0.0,0.699999988079071,0.0,1.0079646110534668,0.0,0.0,0.07500000298023224,2.47601056098938,0.22896802425384521,0.0,1
475.0,0.0,486.21612548828125,0.0,0.49172693490982056,0.3564218580722809,0.9539301991462708,33.537269592285156,4.0593438148498535,0.0,0.0,0.0,0.0,0.699999988079071,0.0,1.0099999904632568,0.0,0.0,0.07500000298023224,2.4792675971984863,0.24013683199882507,0.0,4
492.0,0.0,482.2408752441406,0.0,0.4939255118370056,0.3565748333930969,0.9575495719909668,33.56851577758789,3.9097015857696533,0.0,0.0,0.0,0.0,0.699999988079071,0.0,1.0101052522659302,0.0,0.0,0.07500000298023224,2.478350877761841,0.22098901867866516,0.0,1
498.0,0.0,475.59356689453125,0.0,0.49778175354003906,0.36201173067092896,0.9764987826347351,33.41270446777344,4.187397003173828,0.0,0.0,0.0,0.0,0.699999988079071,0.0,1.0095634460449219,0.0,0.0,0.07500000298023224,2.4617974758148193,0.23155567049980164,0.0,5
505.0,0.0,470.3640441894531,0.0,0.4958436191082001,0.35982680320739746,0.9587641358375549,33.532386779785156,3.9043726921081543,0.0,0.0,0.0,0.0,1.2999999523162842,0.0,1.0073620080947876,0.0,0.0,0.07500000298023224,2.4713149070739746,0.21470345556735992,0.0,5
522.0,0.0,466.4967346191406,0.0,0.4974113404750824,0.359266072511673,0.96480792760849,33.52412414550781,4.061844825744629,0.0,0.0,0.0,1.0,1.2999999523162842,0.0,1.0075098276138306,0.0,0.0,0.32499998807907104,2.470994472503662,0.19642600417137146,0.0,1
545.0,0.0,464.1417541503906,0.0,0.496115118265152,0.35742005705833435,0.9612042307853699,33.48301315307617,3.901045083999634,0.0,0.0,0.0,1.0,1.2999999523162842,0.0,1.0084905624389648,0.0,0.0,0.32499998807907104,2.4790327548980713,0.191223606467247,0.0,2
556.0,0.0,458.2337341308594,0.0,0.49762359261512756,0.35951951146125793,0.9639691114425659,33.50352096557617,4.016083717346191,0.0,0.0,0.0,1.0,1.2999999523162842,0.0,1.0083333253860474,0.0,0.0,0.32499998807907104,2.4711005687713623,0.18828852474689484,0.0,3
580.0,0.0,457.308349609375,0.0,0.49979135394096375,0.3606966733932495,0.9701769948005676,33.543087005615234,3.9115254878997803,0.0,1.0,1.0,1.0,1.2999999523162842,0.0,1.0076512098312378,0.0,0.0,0.42500001192092896,2.467911958694458,0.1939845234155655,0.0,3
593.0,0.0,452.3302307128906,0.0,0.4984894096851349,0.36014324426651,0.9664754271507263,33.50857925415039,3.9403328895568848,0.0,1.0,1.0,1.0,1.2999999523162842,0.0,1.0074266195297241,0.0,0.0,0.42500001192092896,2.463135242462158,0.1892654299736023,0.0,3
617.0,0.0,451.03265380859375,0.0,0.4983345866203308,0.3605717122554779,0.9731761813163757,33.53978729248047,3.9363131523132324,0.0,0.0,0.0,1.0,1.2999999523162842,0.0,1.0058236122131348,0.0,0.0,0.32499998807907104,2.469616413116455,0.15997926890850067,0.0,1
639.0,0.0,448.57012939453125,0.0,0.4995225965976715,0.35982081294059753,0.9685309529304504,33.528076171875,4.006020545959473,0.0,0.0,0.0,0.0,1.2999999523162842,0.0,1.0056451559066772,0.0,0.0,0.07500000298023224,2.4791829586029053,0.1558806151151657,0.001612903201021254,2
661.0,0.0,446.1725158691406,0.0,0.5012961030006409,0.3611519932746887,0.9738428592681885,33.60160827636719,3.8792381286621094,0.0,0.0,0.0,0.0,1.2999999523162842,0.0,1.0069984197616577,0.0,0.0,0.07500000298023224,2.4852542877197266,0.16287612915039062,0.0015552099794149399,2
680.0,0.0,442.6438293457031,0.0,0.5049169659614563,0.36257919669151306,0.9737235903739929,33.59798049926758,3.943981647491455,0.0,0.0,0.0,0.0,1.2999999523162842,0.0,1.006033182144165,0.0,0.0,0.07500000298023224,2.4810500144958496,0.15877008438110352,0.0,0
696.0,0.0,438.131103515625,0.0014684287598356605,0.5032121539115906,0.3614840507507324,0.9709248542785645,33.54578399658203,4.148155212402344,0.0,0.0,0.0,0.0,1.2999999523162842,0.0,1.006754755973816,0.0,0.0,0.07500000298023224,2.4719300270080566,0.1863751858472824,0.0014684287598356605,0
738.0,0.0,439.1705322265625,0.0013831258984282613,0.5034363269805908,0.3617427945137024,0.9699256420135498,33.53340530395508,4.203351020812988,0.0,0.0,0.0,0.0,1.2999999523162842,0.0,1.006639003753662,0.0,0.0,0.07500000298023224,2.469653606414795,0.16799592971801758,0.0013831258984282613,0
754.0,0.0,435.5439758300781,0.0013605442363768816,0.5072249174118042,0.36412307620048523,0.9741827845573425,33.66365432739258,4.052887439727783,0.0,0.0,0.0,0.0,1.100000023841858,0.0,1.0065306425094604,0.0,0.0,0.02500000037252903,2.4770121574401855,0.16570988297462463,0.0013605442363768816,5
761.0,0.0,429.5224914550781,0.0013422819320112467,0.5061476230621338,0.3634642958641052,0.976131021976471,33.684635162353516,4.117268085479736,0.0,0.0,0.0,0.0,1.100000023841858,0.0,1.0061744451522827,0.0,0.0,0.02500000037252903,2.47129487991333,0.17300142347812653,0.0013422819320112467,5
776.0,0.0,424.2269287109375,0.0013140604132786393,0.5087217688560486,0.36633482575416565,0.9786325097084045,33.6262321472168,4.277842044830322,0.0,0.0,0.0,0.0,1.100000023841858,0.0,1.006044626235962,0.0,0.0,0.02500000037252903,2.466714859008789,0.1699744313955307,0.0013140604132786393,0
790.0,0.0,418.9134521484375,0.0012903226306661963,0.5060024857521057,0.3645188510417938,0.9722176194190979,33.644554138183594,4.206691265106201,0.0,0.0,0.0,0.0,1.100000023841858,0.0,1.007225751876831,0.0,0.0,0.02500000037252903,2.470266103744507,0.18614253401756287,0.0012903226306661963,3
804.0,0.0,415.2109069824219,0.0012690355069935322,0.5083781480789185,0.36648041009902954,0.9779870510101318,33.66761779785156,4.140273571014404,0.0,0.0,0.0,0.0,1.100000023841858,0.0,1.0071065425872803,0.0,0.0,0.02500000037252903,2.473295211791992,0.18359512090682983,0.0025380710139870644,2
815.0,0.0,409.0760192871094,0.0012499999720603228,0.5081870555877686,0.3659897744655609,0.9732035398483276,33.64290237426758,4.1296210289001465,0.0,0.0,0.0,0.0,1.100000023841858,0.0,1.0069999694824219,0.0,0.0,0.02500000037252903,2.4686484336853027,0.18130958080291748,0.0024999999441206455,0
830.0,0.0,405.5410461425781,0.002453987719491124,0.5100163221359253,0.3673241138458252,0.9777767062187195,33.69141387939453,4.041117191314697,0.0,0.0,0.0,0.0,1.100000023841858,0.0,1.006871223449707,0.0,0.0,0.02500000037252903,2.4685235023498535,0.17853757739067078,0.002453987719491124,3
850.0,0.0,403.3509521484375,0.0012019231216982007,0.5116744041442871,0.36840900778770447,0.9779027700424194,33.72236633300781,3.939119338989258,0.0,0.0,0.0,0.0,1.100000023841858,0.0,1.0055288076400757,0.0,0.0,0.02500000037252903,2.4724862575531006,0.1660464107990265,0.0012019231216982007,3
878.0,0.0,401.9307861328125,0.0011587485205382109,0.5101041793823242,0.3674575388431549,0.9754169583320618,33.697078704833984,3.9775583744049072,0.0,0.0,0.0,0.0,1.100000023841858,0.0,1.0050984621047974,96.99180603027344,0.004975124262273312,0.02500000037252903,2.468383312225342,0.16897180676460266,0.0011587485205382109,2
887.0,0.0,396.144287109375,0.0011507479939609766,0.5134885311126709,0.3694012463092804,0.9887781143188477,33.65903091430664,3.9430925846099854,0.0,0.0,0.0,0.0,1.100000023841858,0.0,1.0050632953643799,96.99180603027344,0.004854368977248669,0.02500000037252903,2.4665119647979736,0.1680026352405548,0.0011507479939609766,0
899.0,0.0,391.0919189453125,0.0011312217684462667,0.5119079351425171,0.3680073022842407,0.9862943291664124,33.65601348876953,3.9106545448303223,0.0,0.0,0.0,0.0,1.100000023841858,0.0,1.0066741704940796,96.99180603027344,0.004694835748523474,0.02500000037252903,2.475919485092163,0.1826166957616806,0.0011312217684462667,2
913.0,0.0,384.9530029296875,0.0011135857785120606,0.5093663334846497,0.3652832806110382,0.9811933040618896,33.65107345581055,3.921389102935791,0.0,1.0,1.0,0.0,1.100000023841858,0.0,1.0065701007843018,96.99180603027344,0.004629629664123058,0.125,2.4594457149505615,0.1802544891834259,0.0011135857785120606,4
927.0,0.0,380.3280944824219,0.0010964912362396717,0.5098379254341125,0.36607491970062256,0.9850034713745117,33.63024139404297,3.9215989112854004,0.0,1.0,1.0,0.0,0.800000011920929,0.0,1.0064692497253418,96.99180603027344,0.004545454401522875,0.15000000596046448,2.459099054336548,0.17795734107494354,0.0021929824724793434,2
947.0,0.0,377.1360778808594,0.0010764262406155467,0.5112889409065247,0.36695659160614014,0.9796269536018372,33.66881561279297,3.9006738662719727,0.0,1.0,1.0,0.0,0.800000011920929,0.0,1.008503794670105,96.99180603027344,0.004444444552063942,0.15000000596046448,2.474677324295044,0.19143222272396088,0.0021528524812310934,1
951.0,0.0,370.5773010253906,0.0010695187374949455,0.5118736624717712,0.36725860834121704,0.9807475209236145,33.66679382324219,3.910919189453125,0.0,1.0,1.0,0.0,0.800000011920929,0.0,1.0084491968154907,96.99180603027344,0.0043290043249726295,0.15000000596046448,2.469636917114258,0.19041477143764496,0.002139037474989891,2
963.0,0.0,365.1692810058594,0.0021186440717428923,0.5130844116210938,0.36804455518722534,0.9840037226676941,33.65614318847656,3.910489797592163,0.0,1.0,2.0,0.0,0.800000011920929,0.0,1.0099576711654663,96.99180603027344,0.0042553190141916275,0.25,2.468041181564331,0.20383870601654053,0.0021186440717428923,1
973.0,0.0,359.78021240234375,0.002087682718411088,0.5115763545036316,0.36707109212875366,0.9818399548530579,33.653350830078125,3.91447377204895,0.0,1.0,1.0,0.0,0.800000011920929,0.0,1.0098121166229248,96.99180603027344,0.004149377811700106,0.15000000596046448,2.467784881591797,0.2013760209083557,0.002087682718411088,1
999.0,0.0,358.341796875,0.0020345880184322596,0.5118818283081055,0.367117315530777,0.9824638366699219,33.69157791137695,3.905597686767578,0.0,0.0,0.0,0.0,0.800000011920929,0.0,1.0097659826278687,96.99180603027344,0.004081632476300001,0.05000000074505806,2.475080966949463,0.19001172482967377,0.0020345880184322596,4
14.0,0.0,80.12330627441406,0.0,0.2865557372570038,0.34675419330596924,0.9700291752815247,19.770288467407227,0.0,0.0,1.0,1.0,0.0,0.75,0.0,2.0,0.0,0.0,0.16249999403953552,2.6457512378692627,0.0,0.0,0
26.0,0.03846153989434242,63.07612609863281,0.0,0.38411593437194824,0.3262757360935211,0.9160789251327515,18.725997924804688,5.5206403732299805,0.0,1.0,2.0,0.0,0.800000011920929,0.0,2.3333332538604736,0.0,0.0,0.25,1.8559215068817139,0.9182958602905273,0.0,3
28.0,0.1071428582072258,58.10310363769531,0.0,0.46976542472839355,0.3066834807395935,0.9325101375579834,13.983307838439941,6.666738033294678,0.0,1.0,1.0,0.0,0.8500000238418579,0.0,2.3125,0.0,0.0,0.13750000298023224,1.3228756189346313,1.4056390523910522,0.0,4
35.0,0.1428571492433548,86.8076400756836,0.0,0.5108258128166199,0.3202308118343353,1.0,19.02459144592285,7.920858860015869,0.0,1.0,3.0,0.0,0.8999999761581421,0.0,2.0352940559387207,0.0,0.0,0.32499998807907104,1.340092420578003,1.757483959197998,0.0,4
69.0,0.3478260934352875,63.599945068359375,0.0,0.5306903123855591,0.28718745708465576,0.9846674203872681,16.792957305908203,7.4837541580200195,0.0,1.0,4.0,0.0,0.949999988079071,0.0,2.3632652759552,0.0,0.0,0.4124999940395355,1.5626577138900757,1.7055491209030151,0.0,4
76.0,0.3552631437778473,61.57545471191406,0.0,0.5361546874046326,0.27493762969970703,0.9922516345977783,17.634763717651367,8.55320930480957,0.0,1.0,4.0,0.0,1.399999976158142,0.0,2.323636293411255,0.0,0.0,0.5,1.6543456315994263,1.7904255390167236,0.0,4
100.0,0.36000001430511475,61.281768798828125,0.0,0.5496348738670349,0.2823021113872528,1.0,17.525182723999023,8.3925142288208,0.0,1.0,3.0,0.0,1.399999976158142,0.0,2.2807693481445312,0.0,0.0,0.4000000059604645,1.526233434677124,1.8629614114761353,0.0,4
128.0,0.390625,61.45619583129883,0.0,0.5578152537345886,0.2855910062789917,0.9858140349388123,17.72833824157715,8.705485343933105,0.0,1.0,3.0,0.0,1.399999976158142,0.0,2.2838094234466553,0.0,0.0,0.4000000059604645,1.5249698162078857,1.8713698387145996,0.06666667014360428,4
148.0,0.38513514399528503,60.600074768066406,0.007633587811142206,0.5587599277496338,0.28119170665740967,0.9803178906440735,18.35933494567871,8.614377975463867,0.0,1.0,4.0,0.0,1.399999976158142,0.0,2.2381680011749268,4.697333812713623,0.060975611209869385,0.5,1.583652138710022,1.9102712869644165,0.06106870248913765,4
200.0,0.41499999165534973,57.81260299682617,0.005586592014878988,0.5567204356193542,0.2753140926361084,0.9718115925788879,18.080501556396484,8.865612983703613,0.0,1.0,2.0,0.0,1.399999976158142,0.0,2.273742914199829,10.46185302734375,0.07865168899297714,0.30000001192092896,1.6095495223999023,1.8544596433639526,0.09497206658124924,4
217.0,0.3963133692741394,54.14656066894531,0.05699481815099716,0.5705876350402832,0.2606068253517151,0.9611498713493347,18.053712844848633,8.743400573730469,0.0,1.0,1.0,0.0,1.399999976158142,0.0,2.239896297454834,14.80624771118164,0.13265305757522583,0.20000000298023224,1.5882245302200317,1.9121153354644775,0.17616580426692963,4
234.0,0.4145299196243286,48.73786544799805,0.11374407261610031,0.5710997581481934,0.25906288623809814,0.9478044509887695,17.77675437927246,8.815359115600586,0.0,1.0,2.0,0.0,1.399999976158142,0.0,2.250710964202881,18.120946884155273,0.17592592537403107,0.30000001192092896,1.5692214965820312,1.9090572595596313,0.20853079855442047,4
253.0,0.41897234320640564,45.88676071166992,0.12987013161182404,0.5763893127441406,0.2479901760816574,0.9277635812759399,17.852720260620117,9.059998512268066,0.0,1.0,2.0,0.0,1.399999976158142,0.0,2.240692615509033,23.88936996459961,0.22689075767993927,0.30000001192092896,1.5566548109054565,1.9190119504928589,0.3030303120613098,4
302.0,0.44039735198020935,45.06001281738281,0.20070423185825348,0.5756990909576416,0.24794359505176544,0.9197947382926941,17.769969940185547,9.054927825927734,0.0,1.0,5.0,0.0,1.399999976158142,0.0,2.254929542541504,29.03020668029785,0.280303031206131,0.6000000238418579,1.5730571746826172,1.8927421569824219,0.30985915660858154,4
320.0,0.4593749940395355,38.09114456176758,0.2295081913471222,0.5658029913902283,0.2464577704668045,0.8977512717247009,17.680553436279297,9.07712459564209,0.0,1.0,4.0,0.0,1.399999976158142,0.0,2.284262180328369,31.14617347717285,0.3216783106327057,0.5,1.5844141244888306,1.84443998336792,0.36721310019493103,4
342.0,0.4649122953414917,33.733890533447266,0.25465837121009827,0.564140796661377,0.24919168651103973,0.8970006704330444,17.50286865234375,9.024386405944824,0.0,0.0,0.0,0.0,1.399999976158142,0.0,2.298757791519165,38.1246337890625,0.34415584802627563,0.10000000149011612,1.6057432889938354,1.8373883962631226,0.4037266969680786,4
357.0,0.47058823704719543,29.11984634399414,0.3072289228439331,0.5722262859344482,0.2529943585395813,0.9045108556747437,17.59427261352539,9.313482284545898,0.0,0.0,0.0,0.0,1.399999976158142,0.0,2.3117470741271973,49.19758605957031,0.3757575750350952,0.10000000149011612,1.62931489944458,1.8222991228103638,0.5030120611190796,4
373.0,0.46648794412612915,24.793928146362305,0.40740740299224854,0.5752585530281067,0.2531328499317169,0.8992685675621033,17.69321632385254,9.290946006774902,0.0,1.0,1.0,0.0,1.0,0.0,2.3011395931243896,53.783355712890625,0.4101123511791229,0.10000000149011612,1.6212979555130005,1.84013831615448,0.5327635407447815,4
413.0,0.47215497493743896,23.810054779052734,0.40310078859329224,0.581585168838501,0.25296273827552795,0.899617612361908,17.716859817504883,9.336474418640137,0.0,1.0,1.0,0.0,1.0,0.0,2.3038759231567383,59.94968032836914,0.4444444477558136,0.10000000149011612,1.6429861783981323,1.8507248163223267,0.5271317958831787,4
422.0,0.46682465076446533,19.77052879333496,0.4438902735710144,0.5801689028739929,0.2523370683193207,0.8942223787307739,17.79465103149414,9.367436408996582,0.0,1.0,1.0,0.0,1.0,0.0,2.2837905883789062,68.81073760986328,0.4803921580314636,0.10000000149011612,1.62270188331604,1.8731316328048706,0.5635910034179688,4
439.0,0.4738040864467621,15.18050479888916,0.45843231678009033,0.5804932713508606,0.25560247898101807,0.8971839547157288,17.708715438842773,9.376206398010254,0.0,1.0,3.0,0.0,1.0,0.0,2.2900238037109375,72.6779556274414,0.5069124698638916,0.30000001192092896,1.6289740800857544,1.8642584085464478,0.5866983532905579,4
460.0,0.46739131212234497,12.359044075012207,0.4965675175189972,0.5821303129196167,0.25497764348983765,0.9007551670074463,17.855775833129883,9.359750747680664,0.0,1.0,1.0,0.0,1.0,0.0,2.2839818000793457,83.57473754882812,0.5242290496826172,0.10000000149011612,1.6414566040039062,1.8775897026062012,0.6109839677810669,0
493.0,0.47058823704719543,10.981769561767578,0.5053533315658569,0.5909743905067444,0.2542819380760193,0.9025327563285828,17.795621871948242,9.367717742919922,0.0,1.0,2.0,0.0,1.0,0.0,2.293790102005005,91.3165512084961,0.54356849193573,0.20000000298023224,1.6517271995544434,1.8635400533676147,0.5845824480056763,0
499.0,0.4789579212665558,4.3731689453125,0.5232067704200745,0.5987541675567627,0.2516554892063141,0.9094496965408325,17.696557998657227,9.233614921569824,0.0,1.0,3.0,0.0,0.699999988079071,0.0,2.3128693103790283,91.3165512084961,0.5647059082984924,0.375,1.6589899063110352,1.8362683057785034,0.6181434392929077,0
501.0,0.4770458936691284,-0.7873610854148865,0.5483193397521973,0.6022945046424866,0.25251948833465576,0.9141788482666016,17.730762481689453,9.2373046875,0.0,1.0,3.0,0.0,0.699999988079071,0.0,2.301260471343994,95.94773864746094,0.584269642829895,0.375,1.649757742881775,1.856766700744629,0.6407563090324402,0
508.0,0.46653541922569275,-6.543371677398682,0.5829875469207764,0.6069830656051636,0.2509901523590088,0.9129147529602051,17.819181442260742,9.219805717468262,0.0,1.0,1.0,0.0,0.699999988079071,0.0,2.293776035308838,102.3337631225586,0.5956678986549377,0.17499999701976776,1.636070728302002,1.8647676706314087,0.6846473217010498,0
504.0,0.4742063581943512,-11.830479621887207,0.6297070980072021,0.6128175854682922,0.2506381869316101,0.9225895404815674,17.761734008789062,9.242561340332031,0.0,0.0,0.0,0.0,0.699999988079071,0.0,2.2989540100097656,107.09016418457031,0.6143344640731812,0.07500000298023224,1.64967679977417,1.8582149744033813,0.7175732254981995,0
547.0,0.47897621989250183,-12.638370513916016,0.5996168851852417,0.6164063215255737,0.2467876374721527,0.9210161566734314,17.64868927001953,9.057405471801758,0.0,1.0,1.0,0.0,0.699999988079071,0.0,2.306896448135376,114.18465423583984,0.6258277893066406,0.17499999701976776,1.637064814567566,1.8481935262680054,0.6839080452919006,0
549.0,0.4754098355770111,-18.242835998535156,0.614503800868988,0.6182857155799866,0.2496839016675949,0.9259561896324158,17.667110443115234,9.176995277404785,0.0,0.0,0.0,0.0,0.699999988079071,0.0,2.2977099418640137,121.56980895996094,0.6357827186584473,0.07500000298023224,1.62555992603302,1.8635181188583374,0.6984732747077942,0
548.0,0.4689781069755554,-25.28061294555664,0.6520076394081116,0.6200410723686218,0.2516551911830902,0.9281145334243774,17.666166305541992,9.096014976501465,0.0,1.0,1.0,0.0,1.2999999523162842,0.0,2.296558380126953,127.19062805175781,0.6419752836227417,0.17499999701976776,1.6083011627197266,1.8620182275772095,0.7437858581542969,0
563.0,0.4742451012134552,-28.530742645263672,0.6486988663673401,0.6247761845588684,0.2502110004425049,0.92877197265625,17.60843849182129,9.135787963867188,0.0,1.0,2.0,1.0,1.2999999523162842,0.0,2.305204391479492,134.7960205078125,0.6517857313156128,0.5249999761581421,1.6085059642791748,1.8463536500930786,0.7583643198013306,0
601.0,0.47420963644981384,-25.084381103515625,0.6533795595169067,0.6306776404380798,0.24474143981933594,0.9354032874107361,17.799341201782227,9.289949417114258,0.0,1.0,3.0,1.0,1.2999999523162842,0.0,2.288388252258301,142.92527770996094,0.6657142639160156,0.625,1.6126821041107178,1.870166540145874,0.7192374467849731,0
608.0,0.4638157784938812,-28.87506866455078,0.6465517282485962,0.632400393486023,0.2468271255493164,0.9383145570755005,17.90567398071289,9.277810096740723,0.0,1.0,1.0,1.0,1.2999999523162842,0.0,2.2750000953674316,153.32867431640625,0.675000011920929,0.42500001192092896,1.6084496974945068,1.886819839477539,0.7189655303955078,0
623.0,0.4751203954219818,-32.629493713378906,0.6490066051483154,0.6317581534385681,0.24735723435878754,0.9377421140670776,17.799232482910156,9.278342247009277,0.0,1.0,1.0,1.0,1.2999999523162842,0.0,2.277980089187622,159.35955810546875,0.6871657967567444,0.42500001192092896,1.5973724126815796,1.885382056236267,0.7301324605941772,0
637.0,0.4772370457649231,-36.59511184692383,0.6596091389656067,0.6323458552360535,0.2474992573261261,0.9373623728752136,17.82632827758789,9.358848571777344,0.0,0.0,0.0,1.0,1.2999999523162842,0.0,2.286156415939331,166.60678100585938,0.6945169568061829,0.32499998807907104,1.60364830493927,1.8732153177261353,0.757328987121582,0
660.0,0.47575756907463074,-37.943546295166016,0.6865203976631165,0.6340696811676025,0.2474450021982193,0.9399979114532471,17.862258911132812,9.434310913085938,0.0,1.0,1.0,1.0,1.2999999523162842,0.0,2.27429461479187,173.05941772460938,0.7022900581359863,0.42500001192092896,1.5952725410461426,1.8892524242401123,0.7445141077041626,0
699.0,0.4806866943836212,-39.00786209106445,0.6543574333190918,0.6349447965621948,0.2514033019542694,0.9415093064308167,17.804906845092773,9.395681381225586,0.0,1.0,4.0,0.0,1.2999999523162842,0.0,2.2821271419525146,182.01368713378906,0.7082294225692749,0.4749999940395355,1.5813047885894775,1.8834378719329834,0.7282127141952515,1
729.0,0.4828532338142395,-41.02396774291992,0.6581920981407166,0.6329565644264221,0.25016751885414124,0.9387405514717102,17.776845932006836,9.410972595214844,0.0,1.0,5.0,0.0,1.2999999523162842,0.0,2.2799434661865234,188.7815704345703,0.713936448097229,0.574999988079071,1.5704690217971802,1.8878471851348877,0.7259886860847473,5
748.0,0.49197861552238464,-45.54861831665039,0.6680384278297424,0.6321510672569275,0.25132739543914795,0.9336126446723938,17.723352432250977,9.436907768249512,0.0,1.0,6.0,0.0,1.2999999523162842,0.0,2.2938270568847656,200.09323120117188,0.7207637429237366,0.574999988079071,1.5669636726379395,1.868854284286499,0.7448559403419495,1
760.0,0.49210527539253235,-48.608497619628906,0.6797829270362854,0.6305397748947144,0.25081610679626465,0.9269452691078186,17.710325241088867,9.38377857208252,0.0,1.0,3.0,0.0,1.2999999523162842,0.0,2.300135612487793,204.70237731933594,0.7297921180725098,0.375,1.6012550592422485,1.8599703311920166,0.7611940503120422,4
785.0,0.4904458522796631,-48.410221099853516,0.6806282997131348,0.6296467185020447,0.2502828538417816,0.9267891049385071,17.78717613220215,9.291345596313477,0.0,1.0,2.0,0.0,1.2999999523162842,0.0,2.296334981918335,210.47171020507812,0.7405765056610107,0.2750000059604645,1.6259220838546753,1.8603894710540771,0.7486910820007324,0
799.0,0.4931164085865021,-52.28146743774414,0.6884615421295166,0.6303477883338928,0.2502307891845703,0.9323775768280029,17.769350051879883,9.240087509155273,0.0,1.0,2.0,0.0,1.100000023841858,0.0,2.2992308139801025,214.25201416015625,0.7478448152542114,0.22499999403953552,1.6341361999511719,1.8586488962173462,0.7525641322135925,0
814.0,0.49140048027038574,-55.815223693847656,0.700507640838623,0.63237464427948,0.24934172630310059,0.9356879591941833,17.76502227783203,9.25916576385498,0.0,1.0,1.0,0.0,1.100000023841858,0.0,2.301522731781006,220.73878479003906,0.7526426911354065,0.125,1.6369987726211548,1.8602086305618286,0.7538071274757385,0
833.0,0.49699878692626953,-59.42731475830078,0.7037037014961243,0.6314414143562317,0.25101009011268616,0.9348328709602356,17.651350021362305,9.216100692749023,0.0,1.0,2.0,0.0,1.100000023841858,0.0,2.309135913848877,225.54087829589844,0.7587628960609436,0.22499999403953552,1.6340138912200928,1.8485660552978516,0.7765432000160217,0
847.0,0.4935064911842346,-62.13287353515625,0.721611738204956,0.6343424916267395,0.24964402616024017,0.9349715709686279,17.66307830810547,9.179605484008789,0.0,1.0,1.0,0.0,1.100000023841858,0.0,2.3107447624206543,232.83673095703125,0.7645875215530396,0.125,1.6389015913009644,1.841430425643921,0.7838827967643738,4
876.0,0.4897260367870331,-60.91521072387695,0.7082353234291077,0.6345275640487671,0.24996329843997955,0.9374274015426636,17.816404342651367,9.233329772949219,0.0,0.0,0.0,0.0,1.100000023841858,0.0,2.3011765480041504,240.83282470703125,0.7728155255317688,0.02500000037252903,1.642816424369812,1.8512966632843018,0.770588219165802,0
883.0,0.48810872435569763,-64.86213684082031,0.7200928926467896,0.6366961002349854,0.24947699904441833,0.9375157952308655,17.86949348449707,9.22547721862793,0.0,1.0,1.0,0.0,1.100000023841858,0.0,2.29384446144104,248.4285888671875,0.7792452573776245,0.125,1.6426817178726196,1.8632748126983643,0.7874564528465271,0
900.0,0.49444442987442017,-69.40328216552734,0.7329545617103577,0.6362736225128174,0.24951912462711334,0.9411234259605408,17.781312942504883,9.237894058227539,0.0,1.0,1.0,0.0,1.100000023841858,0.0,2.3011362552642822,254.63087463378906,0.7833333611488342,0.125,1.6451971530914307,1.8566569089889526,0.7988636493682861,0
912.0,0.4945175349712372,-73.09156799316406,0.7474633455276489,0.636599063873291,0.2512708604335785,0.943925142288208,17.798477172851562,9.248188018798828,0.0,0.0,0.0,0.0,1.100000023841858,0.0,2.3057496547698975,260.7608642578125,0.7876588106155396,0.02500000037252903,1.6508057117462158,1.8529988527297974,0.8105975389480591,0
945.0,0.494179904460907,-74.06188201904297,0.739130437374115,0.6381819844245911,0.2508609890937805,0.9436250925064087,17.704553604125977,9.126092910766602,0.0,1.0,1.0,0.0,1.100000023841858,0.0,2.3104348182678223,268.4479675292969,0.7921847105026245,0.125,1.6485257148742676,1.8462048768997192,0.7945652008056641,0
953.0,0.49003148078918457,-78.43415069580078,0.7403017282485962,0.6390786170959473,0.25037118792533875,0.9462571740150452,17.767751693725586,9.154691696166992,0.0,1.0,3.0,0.0,1.100000023841858,0.0,2.3029093742370605,270.7492980957031,0.7965217232704163,0.32499998807907104,1.6438584327697754,1.8604105710983276,0.8146551847457886,5
961.0,0.4942767918109894,-83.10610961914062,0.7505330443382263,0.6398373246192932,0.25136101245880127,0.945493757724762,17.717782974243164,9.148183822631836,0.0,1.0,2.0,0.0,1.100000023841858,0.0,2.306076765060425,276.2377014160156,0.8010203838348389,0.22499999403953552,1.6430962085723877,1.8578689098358154,0.831556499004364,0
975.0,0.4902563989162445,-85.73731994628906,0.7668067216873169,0.6414381861686707,0.25068849325180054,0.9443915486335754,17.737506866455078,9.103198051452637,0.0,1.0,1.0,0.0,1.100000023841858,0.0,2.3057773113250732,282.2629699707031,0.8059701323509216,0.125,1.6452195644378662,1.8545042276382446,0.8371848464012146,0
993.0,0.48942598700523376,-88.79691314697266,0.7867494821548462,0.6427165269851685,0.2505744993686676,0.9459503889083862,17.720273971557617,9.104480743408203,0.0,1.0,3.0,0.0,0.800000011920929,0.0,2.308074474334717,291.4517517089844,0.809135377407074,0.3499999940395355,1.6435154676437378,1.851844310760498,0.8302277326583862,0
1041.0,0.4822286367416382,-87.55398559570312,0.759605884552002,0.6431724429130554,0.24953632056713104,0.9486984014511108,17.82244300842285,9.086187362670898,0.0,1.0,2.0,0.0,0.800000011920929,0.0,2.303251266479492,291.4517517089844,0.812199056148529,0.25,1.6399602890014648,1.8496447801589966,0.8039408922195435,0
1045.0,0.4832535982131958,-92.39956665039062,0.7702834606170654,0.6431786417961121,0.24948114156723022,0.9476009011268616,17.806655883789062,9.094481468200684,0.0,1.0,1.0,0.0,0.800000011920929,0.0,2.2988269329071045,297.7403259277344,0.8163265585899353,0.15000000596046448,1.6323373317718506,1.8556805849075317,0.8260019421577454,0
1057.0,0.47871333360671997,-96.34521484375,0.7715392112731934,0.6442699432373047,0.2506629526615143,0.950295090675354,17.8693790435791,9.080771446228027,0.0,1.0,1.0,0.0,0.800000011920929,0.0,2.294288396835327,304.32806396484375,0.8191653490066528,0.15000000596046448,1.6332377195358276,1.8603378534317017,0.8315585851669312,0
1062.0,0.4764595031738281,-100.40660095214844,0.7882579565048218,0.6436145305633545,0.24979159235954285,0.9493798017501831,17.92574691772461,9.093243598937988,0.0,1.0,2.0,0.0,0.800000011920929,0.0,2.2878730297088623,312.5518493652344,0.8229954838752747,0.25,1.6334073543548584,1.8692022562026978,0.8392685055732727,0
1092.0,0.47069597244262695,-100.7351303100586,0.7898686528205872,0.6454269886016846,0.25125113129615784,0.9555413126945496,17.95900535583496,9.053593635559082,0.0,1.0,1.0,0.0,0.800000011920929,0.0,2.2830207347869873,322.7977600097656,0.8258928656578064,0.15000000596046448,1.633312463760376,1.8729192018508911,0.8395872712135315,0
14.0,0.0,139.90284729003906,0.0,0.22775352001190186,0.36578458547592163,1.0,32.10976028442383,5.031772613525391,0.0,1.0,2.0,0.0,0.75,0.0,1.899999976158142,0.0,0.0,0.26249998807907104,2.6457512378692627,0.7219281196594238,0.0,1
35.0,0.0,168.99761962890625,0.0,0.3215180039405823,0.33565354347229004,1.0,33.64400100708008,6.475776672363281,0.0,1.0,3.0,0.0,0.800000011920929,0.0,1.6190476417541504,0.0,0.0,0.3499999940395355,2.6457512378692627,1.509968638420105,0.0,2
43.0,0.0,166.40565490722656,0.0,0.3995027244091034,0.2937198579311371,1.0,33.44198226928711,6.909189701080322,0.0,1.0,3.0,0.0,0.8500000238418579,0.0,1.6037037372589111,0.0,0.0,0.3375000059604645,2.6457512378692627,1.6397950649261475,0.0,1
64.0,0.0,185.2089080810547,0.0,0.404927134513855,0.2693406045436859,1.0,35.93031692504883,7.668254375457764,0.0,1.0,2.0,0.0,0.8999999761581421,0.0,1.4836734533309937,0.0,0.0,0.22499999403953552,2.6457512378692627,1.8492727279663086,0.0,2
89.0,0.0,185.61460876464844,0.0,0.44607457518577576,0.25946760177612305,1.0,36.602577209472656,7.155277729034424,0.0,1.0,4.0,0.0,0.949999988079071,0.0,1.4657143354415894,0.0,0.0,0.4124999940395355,2.6457512378692627,1.8823552131652832,0.0,4
112.0,0.008928571827709675,178.00132751464844,0.0,0.4491722881793976,0.258664071559906,1.0,35.9749870300293,7.669479846954346,0.0,1.0,7.0,0.0,1.399999976158142,0.0,1.4885417222976685,0.0,0.0,0.6000000238418579,2.489910125732422,1.9136263132095337,0.0,3
126.0,0.007936508394777775,173.49896240234375,0.0,0.47099000215530396,0.25729769468307495,1.0,35.799217224121094,7.883143424987793,0.0,1.0,5.0,0.0,1.399999976158142,0.0,1.4906542301177979,0.0,0.0,0.6000000238418579,2.5057711601257324,1.9332377910614014,0.0,3
152.0,0.0,168.5575714111328,0.0,0.48258209228515625,0.248831644654274,1.0,35.30651092529297,7.722864627838135,0.0,1.0,6.0,0.0,1.399999976158142,0.0,1.5022727251052856,0.0,0.0,0.6000000238418579,2.5331592559814453,1.8491652011871338,0.0,3
176.0,0.0,168.49513244628906,0.0,0.4823480546474457,0.24334724247455597,0.9948819279670715,35.309547424316406,7.911557197570801,0.0,1.0,6.0,0.0,1.399999976158142,0.0,1.4731249809265137,0.0,0.0,0.6000000238418579,2.516073226928711,1.8686964511871338,0.0,0
234.0,0.004273504484444857,176.1586456298828,0.0,0.4911282956600189,0.23458260297775269,0.9546982049942017,36.05845642089844,8.351256370544434,0.0,1.0,4.0,0.0,1.399999976158142,0.0,1.434741735458374,0.0,0.0,0.5,2.5198588371276855,1.9632716178894043,0.0,1
250.0,0.012000000104308128,167.1454315185547,0.0,0.49933940172195435,0.2381051927804947,0.9502863883972168,35.80632781982422,8.62846851348877,0.0,1.0,5.0,0.0,1.399999976158142,0.0,1.4627705812454224,0.0,0.0,0.6000000238418579,2.4899227619171143,1.9965674877166748,0.0,1
278.0,0.017985612154006958,161.29119873046875,0.0,0.5054424405097961,0.2354874610900879,0.931898295879364,35.685386657714844,8.702805519104004,0.0,1.0,7.0,0.0,1.399999976158142,0.0,1.4876447916030884,0.0,0.0,0.6000000238418579,2.5064518451690674,2.013495922088623,0.0,4
306.0,0.009803921915590763,160.67002868652344,0.0,0.5144451260566711,0.24144376814365387,0.9480776190757751,36.22825622558594,8.587055206298828,0.0,1.0,6.0,0.0,1.399999976158142,0.0,1.470070481300354,0.0,0.0,0.6000000238418579,2.540057897567749,1.9958757162094116,0.0,1
341.0,0.014662756584584713,154.72543334960938,0.0,0.5275330543518066,0.22890397906303406,0.9419317841529846,35.930118560791016,8.600913047790527,0.0,1.0,8.0,0.0,1.399999976158142,0.0,1.486875057220459,0.0,0.0,0.6000000238418579,2.533062696456909,2.006587266921997,0.0,3
364.0,0.021978022530674934,149.08836364746094,0.0,0.5262638330459595,0.23143263161182404,0.963476836681366,35.6513557434082,8.71674633026123,0.0,1.0,7.0,0.0,1.399999976158142,0.0,1.4994252920150757,0.0,0.0,0.6000000238418579,2.4909932613372803,2.0361292362213135,0.03448275849223137,4
394.0,0.025380710139870644,144.37332153320312,0.0,0.5287961363792419,0.22643929719924927,0.9504568576812744,35.657073974609375,8.59091567993164,0.0,1.0,4.0,0.0,1.399999976158142,0.0,1.5064516067504883,0.0,0.0,0.5,2.516841173171997,2.04850435256958,0.037634409964084625,0
413.0,0.019370460882782936,138.69517517089844,0.005102040711790323,0.5363196730613708,0.22571364045143127,0.9597095251083374,35.7353630065918,8.55251693725586,0.0,1.0,5.0,0.0,1.399999976158142,0.0,1.4966837167739868,4.208323001861572,0.010526316240429878,0.6000000238418579,2.508108377456665,2.021003484725952,0.06122449040412903,4
428.0,0.009345794096589088,134.41815185546875,0.019607843831181526,0.5366005897521973,0.22070947289466858,0.9446448683738708,35.97300720214844,8.396546363830566,0.0,1.0,8.0,0.0,1.0,0.0,1.4752451181411743,6.664922714233398,0.019801979884505272,0.5,2.5353896617889404,1.9821504354476929,0.08088235557079315,1
464.0,0.006465517450124025,130.49070739746094,0.036036036908626556,0.5384003520011902,0.21536575257778168,0.9258998036384583,35.78715515136719,8.43631362915039,0.0,1.0,6.0,0.0,1.0,0.0,1.4693694114685059,19.710411071777344,0.028846153989434242,0.5,2.5312910079956055,1.9684102535247803,0.12387387454509735,4
483.0,0.00828157365322113,124.70227813720703,0.05128205195069313,0.5286983251571655,0.21161480247974396,0.9031444787979126,35.75515365600586,8.48893928527832,0.0,1.0,7.0,0.0,1.0,0.0,1.475000023841858,25.45177459716797,0.0357142873108387,0.5,2.5306508541107178,1.9756215810775757,0.15811966359615326,4
498.0,0.00401606410741806,119.85993957519531,0.06860706955194473,0.5284358263015747,0.21254107356071472,0.8959378600120544,35.87867736816406,8.301154136657715,0.0,1.0,7.0,0.0,1.0,0.0,1.4629937410354614,25.45177459716797,0.03361344709992409,0.5,2.546130895614624,1.957688808441162,0.18087318539619446,1
511.0,0.0,114.87310028076172,0.0829959511756897,0.5287814140319824,0.21123403310775757,0.9063765406608582,35.97560119628906,7.990874290466309,0.0,1.0,5.0,0.0,1.0,0.0,1.454453468322754,25.45177459716797,0.031496062874794006,0.5,2.5671048164367676,1.9255187511444092,0.20040485262870789,4
557.0,0.00538599630817771,112.96038818359375,0.11873840540647507,0.5310731530189514,0.21930597722530365,0.9099622368812561,35.93192672729492,8.158504486083984,0.0,1.0,4.0,0.0,1.0,0.0,1.4634507894515991,56.350425720214844,0.06716418266296387,0.4000000059604645,2.5511269569396973,1.9663975238800049,0.22263450920581818,0
580.0,0.01206896547228098,108.21369934082031,0.1344086080789566,0.5322456359863281,0.21795587241649628,0.9033048748970032,35.9752197265625,8.223936080932617,0.0,0.0,0.0,0.0,0.699999988079071,0.0,1.4693548679351807,62.18954086303711,0.0714285746216774,0.07500000298023224,2.5488054752349854,2.0029923915863037,0.25089606642723083,1
582.0,0.006872852332890034,102.17115020751953,0.15357142686843872,0.5371835827827454,0.21884369850158691,0.9075952768325806,36.132198333740234,8.171481132507324,0.0,1.0,5.0,0.0,0.699999988079071,0.0,1.4605357646942139,73.10948181152344,0.08666666597127914,0.574999988079071,2.5705950260162354,1.9832106828689575,0.27142858505249023,1
590.0,0.010169491171836853,94.77709197998047,0.17957746982574463,0.5433085560798645,0.22323210537433624,0.907524049282074,36.07154846191406,8.256669044494629,0.0,1.0,4.0,0.0,0.699999988079071,0.0,1.4633803367614746,80.31472778320312,0.10191082954406738,0.4749999940395355,2.5504724979400635,2.001157522201538,0.2922535240650177,5
601.0,0.008319467306137085,90.010986328125,0.21416234970092773,0.5451629161834717,0.22436204552650452,0.9120852947235107,36.18648147583008,8.24691390991211,0.0,1.0,2.0,0.0,0.699999988079071,0.0,1.4542313814163208,92.28626251220703,0.10975609719753265,0.2750000059604645,2.557512044906616,1.9930311441421509,0.3108808398246765,1
630.0,0.007936508394777775,84.98582458496094,0.2343234270811081,0.5520166158676147,0.22435449063777924,0.9198108315467834,36.01339340209961,8.235597610473633,0.0,1.0,3.0,0.0,0.699999988079071,0.0,1.4632012844085693,94.67298889160156,0.12280701845884323,0.375,2.556567430496216,1.9817298650741577,0.3234323561191559,0
641.0,0.0015600624028593302,78.79773712158203,0.2487804889678955,0.5580530166625977,0.22413213551044464,0.9124377369880676,36.194793701171875,7.994063377380371,0.0,1.0,6.0,0.0,0.699999988079071,0.0,1.4536585807800293,107.20964813232422,0.13966479897499084,0.574999988079071,2.5724825859069824,1.9418038129806519,0.34634146094322205,5
646.0,0.0015479875728487968,72.24964141845703,0.26290321350097656,0.5613910555839539,0.2262580841779709,0.9164331555366516,36.21585464477539,7.945390701293945,0.0,1.0,5.0,0.0,1.2999999523162842,0.0,1.4567742347717285,107.20964813232422,0.14361701905727386,0.574999988079071,2.5828378200531006,1.938227653503418,0.3709677457809448,5
667.0,0.002998500829562545,66.67826080322266,0.2783825695514679,0.5670779943466187,0.22309419512748718,0.92108553647995,36.058021545410156,7.926460266113281,0.0,1.0,5.0,1.0,1.2999999523162842,0.0,1.464852213859558,119.04197692871094,0.1487179547548294,0.824999988079071,2.5709378719329834,1.9403572082519531,0.39502331614494324,1
706.0,0.00141643057577312,64.57304382324219,0.29498526453971863,0.5704020261764526,0.2215401977300644,0.9166563749313354,36.0374870300293,7.811232566833496,0.0,1.0,4.0,1.0,1.2999999523162842,0.0,1.4643068313598633,132.2280731201172,0.16500000655651093,0.7250000238418579,2.5706658363342285,1.9264408349990845,0.41445428133010864,5
727.0,0.00962861068546772,60.650360107421875,0.30834510922431946,0.575764000415802,0.22470776736736298,0.9360092878341675,35.805057525634766,8.137092590332031,0.0,1.0,6.0,1.0,1.2999999523162842,0.0,1.4746817350387573,138.6628875732422,0.17142857611179352,0.824999988079071,2.535543203353882,1.979939579963684,0.43140026926994324,3
763.0,0.015727391466498375,58.14657974243164,0.3167785108089447,0.5750318765640259,0.22290462255477905,0.9320715665817261,35.6199951171875,8.373062133789062,0.0,1.0,2.0,1.0,1.2999999523162842,0.0,1.4844294786453247,144.02735900878906,0.17592592537403107,0.5249999761581421,2.517012596130371,2.009066581726074,0.42550334334373474,4
793.0,0.016393441706895828,54.36176300048828,0.3212435245513916,0.5762199759483337,0.22450436651706696,0.9333075284957886,35.591819763183594,8.388689994812012,0.0,1.0,5.0,1.0,1.2999999523162842,0.0,1.4871761798858643,156.320556640625,0.18721461296081543,0.824999988079071,2.513770580291748,2.0119223594665527,0.43523314595222473,1
833.0,0.022809123620390892,52.211700439453125,0.3609394431114197,0.5786541104316711,0.2259390950202942,0.9427886009216309,35.510257720947266,8.500771522521973,0.0,1.0,4.0,1.0,1.2999999523162842,0.0,1.4934487342834473,163.58389282226562,0.19730941951274872,0.7250000238418579,2.4939827919006348,2.036245346069336,0.43634116649627686,4
881.0,0.029511917382478714,52.0196533203125,0.35116279125213623,0.5811057686805725,0.22590547800064087,0.9423182010650635,35.46317672729492,8.602054595947266,0.0,1.0,6.0,0.0,1.2999999523162842,0.0,1.5024418830871582,178.20346069335938,0.208695650100708,0.574999988079071,2.4818737506866455,2.0613882541656494,0.43255814909935,4
910.0,0.023076923564076424,49.02952194213867,0.3492063581943512,0.5838815569877625,0.225098118185997,0.9349056482315063,35.643775939941406,8.523150444030762,0.0,1.0,4.0,0.0,1.2999999523162842,0.0,1.4901360273361206,180.8842315673828,0.2118644118309021,0.4749999940395355,2.506007432937622,2.041898250579834,0.44784581661224365,4
929.0,0.024757804349064827,43.3544921875,0.36443468928337097,0.5830919146537781,0.22162571549415588,0.9221764206886292,35.47334671020508,8.693108558654785,0.0,1.0,10.0,0.0,1.2999999523162842,0.0,1.4905598163604736,189.51097106933594,0.2254098355770111,0.574999988079071,2.490692377090454,2.0461418628692627,0.45225027203559875,4
955.0,0.027225131168961525,38.57832336425781,0.37139809131622314,0.5811256766319275,0.22068887948989868,0.9099557995796204,35.3780632019043,8.772918701171875,0.0,1.0,9.0,0.0,1.2999999523162842,0.0,1.491675615310669,200.46017456054688,0.23076923191547394,0.574999988079071,2.4853076934814453,2.0536229610443115,0.4621131122112274,4
1003.0,0.03688933327794075,35.99063491821289,0.3904665410518646,0.5805509686470032,0.22082358598709106,0.9105254411697388,35.064697265625,9.031668663024902,0.0,1.0,5.0,0.0,1.2999999523162842,0.0,1.5116633176803589,206.07589721679688,0.23505976796150208,0.574999988079071,2.456860065460205,2.0771596431732178,0.476673424243927,4
1022.0,0.026418786495923996,33.88957595825195,0.386227548122406,0.5797573924064636,0.22201912105083466,0.9200543761253357,35.41575622558594,8.626930236816406,0.0,1.0,5.0,0.0,1.100000023841858,0.0,1.4904191493988037,214.03863525390625,0.2744360864162445,0.5249999761581421,2.495737314224243,2.0470197200775146,0.49301397800445557,4
1030.0,0.018446601927280426,28.99543571472168,0.3928571343421936,0.5813283920288086,0.2231120616197586,0.9142062664031982,35.68516540527344,8.338985443115234,0.0,1.0,6.0,0.0,1.100000023841858,0.0,1.475595235824585,220.65118408203125,0.30249109864234924,0.5249999761581421,2.529449939727783,2.0227584838867188,0.5039682388305664,1
1035.0,0.01642512157559395,23.012109756469727,0.40810278058052063,0.5825735926628113,0.2226705700159073,0.9159070253372192,35.83774185180664,8.202731132507324,0.0,1.0,4.0,0.0,1.100000023841858,0.0,1.4715415239334106,220.65118408203125,0.30584192276000977,0.42500001192092896,2.541750907897949,2.0152242183685303,0.5237154364585876,1
1045.0,0.009569377638399601,18.512727737426758,0.43768399953842163,0.5884454250335693,0.22410324215888977,0.9240376353263855,36.04313278198242,8.021876335144043,0.0,1.0,6.0,0.0,1.100000023841858,0.0,1.458685040473938,240.61032104492188,0.3201320171356201,0.5249999761581421,2.5689895153045654,1.9879406690597534,0.5377821326255798,5
1073.0,0.009319664910435677,15.186617851257324,0.44961977005004883,0.5868443846702576,0.22435979545116425,0.9212403893470764,36.09202194213867,8.053424835205078,0.0,1.0,7.0,0.0,1.100000023841858,0.0,1.4576996564865112,246.10598754882812,0.3205128312110901,0.5249999761581421,2.5656440258026123,1.9890351295471191,0.5589353442192078,5
1098.0,0.007285974454134703,11.15837287902832,0.46431881189346313,0.5850352644920349,0.2233610600233078,0.9181561470031738,36.09608840942383,8.02368450164795,0.0,1.0,6.0,0.0,1.100000023841858,0.0,1.4560704231262207,254.52528381347656,0.3260188102722168,0.5249999761581421,2.567690134048462,1.9803919792175293,0.5569972395896912,5
1116.0,0.004480286967009306,5.789718151092529,0.47536495327949524,0.5884830951690674,0.22216778993606567,0.9196426868438721,36.12502670288086,7.965468883514404,0.0,1.0,5.0,0.0,1.100000023841858,0.0,1.4550182819366455,254.52528381347656,0.32926830649375916,0.5249999761581421,2.5772135257720947,1.9630025625228882,0.5684306621551514,5
1133.0,0.004413062706589699,0.46518266201019287,0.492349237203598,0.5865029692649841,0.22310319542884827,0.9219803214073181,36.15676498413086,7.912182331085205,0.0,1.0,5.0,0.0,1.100000023841858,0.0,1.4536453485488892,269.728759765625,0.3313252925872803,0.5249999761581421,2.5780751705169678,1.9623980522155762,0.5814581513404846,1
1165.0,0.004291845485568047,-2.538958787918091,0.5065616965293884,0.5865492224693298,0.2228149175643921,0.9233337044715881,36.12125015258789,7.885010719299316,0.0,1.0,5.0,0.0,1.100000023841858,0.0,1.458355188369751,269.728759765625,0.3323529362678528,0.5249999761581421,2.5799691677093506,1.9584317207336426,0.5914260745048523,1
1178.0,0.0,-7.90457820892334,0.516883134841919,0.5884356498718262,0.21918870508670807,0.9091562628746033,36.314029693603516,7.744688987731934,0.0,1.0,7.0,0.0,1.100000023841858,0.0,1.448398232460022,293.7587890625,0.3419540226459503,0.5249999761581421,2.598909616470337,1.9298843145370483,0.6121212244033813,4
1193.0,0.0025146689731627703,-13.168621063232422,0.521258533000946,0.5863929390907288,0.21835413575172424,0.9105672240257263,36.225257873535156,7.888874530792236,0.0,1.0,6.0,0.0,1.100000023841858,0.0,1.4492347240447998,293.7587890625,0.3492957651615143,0.5249999761581421,2.586982250213623,1.9524320363998413,0.6181972622871399,1
1215.0,0.0,-18.558046340942383,0.5358931422233582,0.5848870277404785,0.2188296616077423,0.9103061556816101,36.28117370605469,7.780611038208008,0.0,1.0,3.0,0.0,1.100000023841858,0.0,1.4455759525299072,307.31134033203125,0.3480663001537323,0.32499998807907104,2.588188409805298,1.9289928674697876,0.6285476088523865,5
1222.0,0.0,-24.704395294189453,0.5685785412788391,0.5847175121307373,0.21931102871894836,0.9140325784683228,36.350120544433594,7.728603839874268,0.0,1.0,5.0,0.0,0.800000011920929,0.0,1.4431421756744385,313.336181640625,0.3540540635585785,0.550000011920929,2.5933711528778076,1.9299821853637695,0.6359102129936218,1
1251.0,0.003197442041710019,-28.40837287902832,0.5720097422599792,0.5842738747596741,0.21887807548046112,0.9082129001617432,36.30844497680664,7.796513080596924,0.0,1.0,8.0,0.0,0.800000011920929,0.0,1.4491456747055054,319.4555358886719,0.35638296604156494,0.550000011920929,2.589472532272339,1.955376386642456,0.6419853568077087,0
1252.0,0.00159744406118989,-35.24424743652344,0.5852272510528564,0.5870522856712341,0.21870745718479156,0.915238618850708,36.38636779785156,7.734899044036865,0.0,1.0,7.0,0.0,0.800000011920929,0.0,1.4445617198944092,337.4951477050781,0.36010363698005676,0.550000011920929,2.594517469406128,1.9473820924758911,0.6550324559211731,0
1262.0,0.0023771789856255054,-41.12668991088867,0.5874294638633728,0.5872946381568909,0.2177291065454483,0.9125109314918518,36.4352912902832,7.746411323547363,0.0,1.0,2.0,0.0,0.800000011920929,0.0,1.446978211402893,342.408447265625,0.36132314801216125,0.25,2.599670648574829,1.9516831636428833,0.6647864580154419,0
1272.0,0.002358490601181984,-47.82827377319336,0.5993615388870239,0.5858150720596313,0.21797646582126617,0.9140514731407166,36.39870834350586,7.7639570236206055,0.0,1.0,4.0,0.0,0.800000011920929,0.0,1.4482841491699219,355.91900634765625,0.3700000047683716,0.44999998807907104,2.597723960876465,1.9497559070587158,0.6815642714500427,1
1292.0,0.0007739937864243984,-53.42897415161133,0.6129032373428345,0.5869354009628296,0.21727223694324493,0.9178590178489685,36.36896514892578,7.713676452636719,0.0,1.0,5.0,0.0,0.800000011920929,0.0,1.449803352355957,355.91900634765625,0.37037035822868347,0.550000011920929,2.5960803031921387,1.9343440532684326,0.6868607401847839,5
16.0,0.0,143.76271057128906,0.0,0.2111796885728836,0.3318651020526886,1.0,35.151023864746094,8.120084762573242,0.0,1.0,1.0,0.0,0.75,0.0,1.3799999952316284,0.0,0.0,0.16249999403953552,2.6457512378692627,1.8464393615722656,0.0,3
40.0,0.0,145.40509033203125,0.0,0.2757645547389984,0.32050150632858276,1.0,36.664432525634766,6.169282913208008,0.0,1.0,2.0,0.0,0.800000011920929,0.0,1.32962965965271,0.0,0.0,0.25,2.6457512378692627,1.8276444673538208,0.0,4
71.0,0.014084506779909134,137.22958374023438,0.0,0.3551313877105713,0.2871387302875519,1.0,35.21413803100586,6.700910568237305,0.0,1.0,2.0,0.0,0.8500000238418579,0.0,1.3907407522201538,0.0,0.0,0.23749999701976776,2.590210437774658,2.024902105331421,0.0,1
101.0,0.039603959769010544,125.84213256835938,0.0,0.42184314131736755,0.2736743688583374,1.0,33.8110466003418,8.36886978149414,0.0,1.0,2.0,0.0,0.8999999761581421,0.0,1.4871795177459717,0.0,0.0,0.22499999403953552,2.453378677368164,2.1331863403320312,0.0,5
146.0,0.02054794505238533,128.52110290527344,0.0,0.47706353664398193,0.26657214760780334,1.0,35.27353286743164,7.988643646240234,0.0,1.0,1.0,0.0,0.949999988079071,0.0,1.4181817770004272,0.0,0.0,0.11249999701976776,2.4967844486236572,2.0676934719085693,0.0,4
167.0,0.0359281450510025,122.05059051513672,0.0,0.5184847712516785,0.24779324233531952,1.0,34.727867126464844,8.778883934020996,0.0,1.0,2.0,0.0,1.399999976158142,0.0,1.4535211324691772,0.0,0.0,0.30000001192092896,2.499077320098877,2.141690969467163,0.0,4
205.0,0.009756097570061684,118.72039031982422,0.0,0.5587122440338135,0.244024857878685,1.0,34.76118469238281,7.456689834594727,0.0,1.0,3.0,0.0,1.399999976158142,0.0,1.435393214225769,0.0,0.0,0.4000000059604645,2.57808256149292,2.0136117935180664,0.0,4
251.0,0.0039840638637542725,110.98958587646484,0.0,0.5711012482643127,0.23863720893859863,0.9980352520942688,34.0345344543457,7.561346054077148,0.0,1.0,1.0,0.0,1.399999976158142,0.0,1.462666630744934,0.0,0.0,0.20000000298023224,2.539512872695923,1.9481126070022583,0.004444444552063942,2
291.0,0.027491409331560135,106.15265655517578,0.0,0.5931864976882935,0.22794993221759796,1.0,33.73774337768555,8.147119522094727,0.0,1.0,1.0,0.0,1.399999976158142,0.0,1.4966164827346802,0.0,0.0,0.20000000298023224,2.4883811473846436,2.058607339859009,0.02631578966975212,4
345.0,0.052173912525177,103.25518035888672,0.0,0.592498779296875,0.23176734149456024,1.0,33.411563873291016,9.007614135742188,0.0,1.0,1.0,0.0,1.399999976158142,0.0,1.519076943397522,0.0,0.0,0.20000000298023224,2.4087867736816406,2.1464107036590576,0.05538461357355118,4
398.0,0.04020100459456444,101.2426528930664,0.0027173913549631834,0.614933431148529,0.231289342045784,1.0,33.974937438964844,8.764058113098145,0.0,1.0,2.0,0.0,1.399999976158142,0.0,1.4918478727340698,6.296207427978516,0.03030303120613098,0.30000001192092896,2.4671757221221924,2.1201589107513428,0.07608695328235626,4
432.0,0.046296294778585434,95.61161804199219,0.014814814552664757,0.6266552209854126,0.2351709008216858,1.0,33.88542938232422,8.875690460205078,0.0,1.0,2.0,0.0,1.399999976158142,0.0,1.5125925540924072,12.418479919433594,0.050632912665605545,0.30000001192092896,2.4548513889312744,2.135110378265381,0.09876543283462524,4
463.0,0.04535637050867081,90.5599365234375,0.027586206793785095,0.632046103477478,0.23654979467391968,1.0,33.90312576293945,8.898232460021973,0.0,1.0,4.0,0.0,1.399999976158142,0.0,1.515632152557373,18.34449577331543,0.056179776787757874,0.5,2.4677953720092773,2.1297965049743652,0.13793103396892548,5
518.0,0.050193049013614655,89.03642272949219,0.040816325694322586,0.6433995366096497,0.23209598660469055,1.0,33.88179016113281,8.913969993591309,0.0,1.0,3.0,0.0,1.399999976158142,0.0,1.5087754726409912,18.34449577331543,0.059405941516160965,0.4000000059604645,2.458224058151245,2.1494829654693604,0.16938775777816772,4
555.0,0.05945945903658867,83.24974822998047,0.059813085943460464,0.6398292183876038,0.2234969288110733,1.0,33.70552444458008,9.264850616455078,0.0,1.0,4.0,0.0,1.399999976158142,0.0,1.5157009363174438,18.34449577331543,0.0917431190609932,0.5,2.4020307064056396,2.1700010299682617,0.21869158744812012,3
586.0,0.059726960957050323,77.19967651367188,0.09965035319328308,0.6322996020317078,0.22618961334228516,1.0,33.611534118652344,9.164654731750488,0.0,1.0,3.0,0.0,1.399999976158142,0.0,1.519755244255066,18.34449577331543,0.1652892529964447,0.4000000059604645,2.3874950408935547,2.1656546592712402,0.2377622425556183,4
630.0,0.06507936865091324,73.07144927978516,0.14729951322078705,0.6339225769042969,0.22799180448055267,1.0,33.44950866699219,9.281940460205078,0.0,1.0,2.0,0.0,1.399999976158142,0.0,1.526513934135437,23.01624870300293,0.1825396865606308,0.30000001192092896,2.38496470451355,2.180696725845337,0.27659574151039124,4
661.0,0.06051437184214592,68.57135009765625,0.16220472753047943,0.6359933018684387,0.23242583870887756,1.0,33.696720123291016,9.081000328063965,0.0,1.0,3.0,0.0,1.0,0.0,1.510393738746643,27.467060089111328,0.19230769574642181,0.30000001192092896,2.412564992904663,2.1747868061065674,0.31968504190444946,4
719.0,0.06397774815559387,66.43284606933594,0.17655572295188904,0.6428263187408447,0.23313112556934357,1.0,33.74079132080078,9.176959991455078,0.0,1.0,3.0,0.0,1.0,0.0,1.511866807937622,69.84437561035156,0.25531914830207825,0.30000001192092896,2.406203508377075,2.1868491172790527,0.3458755314350128,4
742.0,0.05795148387551308,61.261104583740234,0.20391061902046204,0.6454150676727295,0.2318543940782547,1.0,33.773231506347656,9.007866859436035,0.0,1.0,4.0,0.0,1.0,0.0,1.4956704378128052,73.19511413574219,0.3137255012989044,0.4000000059604645,2.4183943271636963,2.1745476722717285,0.37988826632499695,4
762.0,0.05380577594041824,55.758995056152344,0.23924730718135834,0.6454593539237976,0.23360387980937958,0.9927586913108826,33.86777877807617,8.942687034606934,0.0,1.0,2.0,0.0,1.0,0.0,1.4893816709518433,87.60514831542969,0.37278106808662415,0.20000000298023224,2.430553436279297,2.162692070007324,0.40591397881507874,4
780.0,0.05128205195069313,49.06207275390625,0.279683381319046,0.6420580148696899,0.23186470568180084,0.965498149394989,33.97303771972656,8.901763916015625,0.0,1.0,3.0,0.0,1.0,0.0,1.4848284721374512,87.60514831542969,0.39772728085517883,0.30000001192092896,2.442193031311035,2.158348798751831,0.4432717561721802,5
820.0,0.05000000074505806,45.55918502807617,0.3233082592487335,0.6445960998535156,0.23373490571975708,0.9590194821357727,34.033447265625,8.8102445602417,0.0,1.0,2.0,0.0,1.0,0.0,1.4812029600143433,87.60514831542969,0.42473119497299194,0.20000000298023224,2.4487369060516357,2.159196615219116,0.4536340832710266,4
846.0,0.048463355749845505,40.23711013793945,0.3369697034358978,0.6403303742408752,0.2321302890777588,0.9389221668243408,34.08480453491211,8.766810417175293,0.0,1.0,2.0,0.0,0.699999988079071,0.0,1.4801212549209595,107.9341812133789,0.45408162474632263,0.2750000059604645,2.461967945098877,2.1532697677612305,0.47757574915885925,4
856.0,0.04672897234559059,33.8475227355957,0.3565426170825958,0.6412643194198608,0.23408931493759155,0.939967155456543,34.223297119140625,8.684671401977539,0.0,1.0,2.0,0.0,0.699999988079071,0.0,1.4799519777297974,120.49757385253906,0.4832535982131958,0.2750000059604645,2.48187518119812,2.150888204574585,0.5162065029144287,4
870.0,0.04482758790254593,27.95998191833496,0.38488784432411194,0.6448166370391846,0.23944640159606934,0.9549779891967773,34.273277282714844,8.642350196838379,0.0,1.0,3.0,0.0,0.699999988079071,0.0,1.4763872623443604,121.3585205078125,0.5045454502105713,0.375,2.4879255294799805,2.1473140716552734,0.5289255976676941,4
887.0,0.043968431651592255,22.405168533325195,0.3955916464328766,0.6514871120452881,0.2412632405757904,0.9469732046127319,34.35457992553711,8.693560600280762,0.0,1.0,3.0,0.0,0.699999988079071,0.0,1.469605565071106,121.3585205078125,0.5219298005104065,0.375,2.4939730167388916,2.149080753326416,0.5556844472885132,4
941.0,0.0499468632042408,19.898685455322266,0.4240437150001526,0.6506674289703369,0.23766322433948517,0.948003351688385,34.147464752197266,8.811225891113281,0.0,1.0,4.0,0.0,0.699999988079071,0.0,1.485245943069458,121.3585205078125,0.5358649492263794,0.4749999940395355,2.473973035812378,2.1594717502593994,0.5650272965431213,4
966.0,0.04554865509271622,14.683774948120117,0.43923240900039673,0.6595592498779297,0.2387848049402237,0.9637137651443481,34.19561004638672,8.677370071411133,0.0,1.0,2.0,0.0,0.699999988079071,0.0,1.4828357696533203,154.20167541503906,0.5528455376625061,0.2750000059604645,2.490302085876465,2.1470394134521484,0.5874200463294983,4
982.0,0.03971486911177635,8.740178108215332,0.46346554160118103,0.658881664276123,0.2373751401901245,0.9518130421638489,34.29008865356445,8.645118713378906,0.0,1.0,1.0,0.0,1.2999999523162842,0.0,1.4701461791992188,154.20167541503906,0.5736433863639832,0.17499999701976776,2.4963159561157227,2.132906675338745,0.6043841242790222,4
1020.0,0.04215686395764351,5.620188236236572,0.4713567793369293,0.6636137962341309,0.23888686299324036,0.9565017819404602,34.274375915527344,8.639639854431152,0.0,1.0,1.0,1.0,1.2999999523162842,0.0,1.4730653762817383,173.807373046875,0.5880149602890015,0.42500001192092896,2.496035575866699,2.139636516571045,0.6170854568481445,4
1088.0,0.04595588147640228,5.824183940887451,0.47654783725738525,0.6606393456459045,0.23740755021572113,0.9595485329627991,34.243125915527344,8.701176643371582,0.0,1.0,1.0,1.0,1.2999999523162842,0.0,1.4753283262252808,173.807373046875,0.6028881072998047,0.42500001192092896,2.4813551902770996,2.148815155029297,0.6060037612915039,4
1123.0,0.04630454257130623,0.845801055431366,0.4981818199157715,0.661509096622467,0.23815815150737762,0.9597835540771484,34.193965911865234,8.69381332397461,0.0,1.0,1.0,1.0,1.2999999523162842,0.0,1.4777272939682007,173.807373046875,0.6113074421882629,0.42500001192092896,2.478290557861328,2.1463541984558105,0.6136363744735718,4
1151.0,0.04344048723578453,-4.296719074249268,0.5093167424201965,0.6636252999305725,0.2369425743818283,0.9606481194496155,34.31499481201172,8.62571907043457,0.0,1.0,3.0,1.0,1.2999999523162842,0.0,1.4741792678833008,202.511962890625,0.6232876777648926,0.625,2.487290620803833,2.137662649154663,0.6291038393974304,4
1190.0,0.04285714402794838,-8.546072006225586,0.5232357978820801,0.666001558303833,0.23798500001430511,0.9613720774650574,34.30448532104492,8.567361831665039,0.0,1.0,2.0,1.0,1.2999999523162842,0.0,1.4730637073516846,202.511962890625,0.6308724880218506,0.5249999761581421,2.489483118057251,2.13470196723938,0.653184175491333,4
1229.0,0.040683481842279434,-12.555063247680664,0.5349417924880981,0.6659883260726929,0.23555709421634674,0.9587282538414001,34.327823638916016,8.521245002746582,0.0,1.0,1.0,1.0,1.2999999523162842,0.0,1.468968391418457,222.10923767089844,0.6405228972434998,0.42500001192092896,2.4897823333740234,2.128344774246216,0.6530781984329224,4
1277.0,0.04541895166039467,-15.369000434875488,0.5466879606246948,0.6671101450920105,0.2354888916015625,0.9589271545410156,34.23542404174805,8.655159950256348,0.0,1.0,3.0,0.0,1.2999999523162842,0.0,1.4790103435516357,231.46987915039062,0.652996838092804,0.375,2.4795777797698975,2.138732433319092,0.6504389643669128,5
1310.0,0.04122137278318405,-19.537567138671875,0.5611847043037415,0.6672495603561401,0.23640136420726776,0.9594845175743103,34.359580993652344,8.48807430267334,0.0,1.0,3.0,0.0,1.2999999523162842,0.0,1.4731098413467407,238.17703247070312,0.6625766754150391,0.375,2.49017596244812,2.128777265548706,0.6640685796737671,4
1345.0,0.044609665870666504,-24.387311935424805,0.5682852864265442,0.6718622446060181,0.23813863098621368,0.9667292833328247,34.20659637451172,8.634123802185059,0.0,1.0,3.0,0.0,1.2999999523162842,0.0,1.4817147254943848,247.018798828125,0.6716417670249939,0.375,2.4763636589050293,2.136291980743408,0.6684370040893555,5
1384.0,0.044075146317481995,-28.57982063293457,0.5686994791030884,0.6710564494132996,0.2358761578798294,0.959230363368988,34.20105743408203,8.698465347290039,0.0,1.0,4.0,0.0,1.2999999523162842,0.0,1.4770756959915161,256.2060546875,0.6811594367027283,0.4749999940395355,2.4664652347564697,2.136129140853882,0.6715649962425232,5
1443.0,0.047124046832323074,-29.556987762451172,0.5751587748527527,0.6730241775512695,0.2317293882369995,0.9520288109779358,34.14448165893555,8.751484870910645,0.0,1.0,5.0,0.0,1.2999999523162842,0.0,1.4845447540283203,260.02862548828125,0.6910112500190735,0.574999988079071,2.4697158336639404,2.142486810684204,0.6549047231674194,1
1466.0,0.045020464807748795,-34.93583679199219,0.581540584564209,0.6754427552223206,0.23236724734306335,0.9543615579605103,34.19965744018555,8.699257850646973,0.0,1.0,2.0,0.0,1.100000023841858,0.0,1.480430245399475,260.02862548828125,0.7002725005149841,0.22499999403953552,2.474393606185913,2.137166976928711,0.6717557311058044,4
1482.0,0.04385964944958687,-40.734710693359375,0.5990404486656189,0.6771979331970215,0.23411022126674652,0.9679161310195923,34.22937774658203,8.741071701049805,0.0,1.0,2.0,0.0,1.100000023841858,0.0,1.4755312204360962,277.8807678222656,0.7089946866035461,0.22499999403953552,2.4785053730010986,2.1355326175689697,0.6860863566398621,5
1503.0,0.045908182859420776,-46.74105453491211,0.6070222854614258,0.6767408847808838,0.2319480925798416,0.9537521600723267,34.21658706665039,8.74422836303711,0.0,1.0,3.0,0.0,1.100000023841858,0.0,1.478595495223999,287.6242980957031,0.7164948582649231,0.32499998807907104,2.475147008895874,2.141634225845337,0.7042539119720459,5
1531.0,0.04768125340342522,-51.61808776855469,0.6138613820075989,0.6740157604217529,0.2309960424900055,0.9498392343521118,34.23134231567383,8.785402297973633,0.0,1.0,4.0,0.0,1.100000023841858,0.0,1.4771617650985718,298.35693359375,0.7229219079017639,0.42500001192092896,2.4653024673461914,2.1473312377929688,0.7174917459487915,0
1599.0,0.04878048598766327,-52.77434539794922,0.6141682267189026,0.6693909168243408,0.22943557798862457,0.9438213109970093,34.23957824707031,8.829755783081055,0.0,1.0,4.0,0.0,1.100000023841858,0.0,1.4781783819198608,298.35693359375,0.7263681888580322,0.42500001192092896,2.459822416305542,2.1513068675994873,0.7153699994087219,5
1629.0,0.05156537890434265,-57.895652770996094,0.6299751400947571,0.6664228439331055,0.2295553833246231,0.9411264061927795,34.21493911743164,8.939802169799805,0.0,1.0,2.0,0.0,1.100000023841858,0.0,1.481467604637146,298.35693359375,0.7303921580314636,0.22499999403953552,2.4539167881011963,2.158318519592285,0.736940324306488,5
1649.0,0.05275924876332283,-63.92316818237305,0.6425505876541138,0.6654528379440308,0.23041141033172607,0.9455118179321289,34.18264389038086,8.975258827209473,0.0,1.0,4.0,0.0,1.100000023841858,0.0,1.4821581840515137,326.01824951171875,0.7368420958518982,0.42500001192092896,2.447664737701416,2.1611063480377197,0.7473942637443542,3
1681.0,0.054134443402290344,-68.91814422607422,0.6586393713951111,0.6632923483848572,0.2318856418132782,0.9489730596542358,34.16648864746094,9.014800071716309,0.0,1.0,2.0,0.0,1.100000023841858,0.0,1.4816977977752686,335.1011657714844,0.7393364906311035,0.22499999403953552,2.4407098293304443,2.164527416229248,0.7633955478668213,5
1743.0,0.05737234652042389,-69.35083770751953,0.6713124513626099,0.6648159027099609,0.22922492027282715,0.9491404891014099,34.12042999267578,9.067865371704102,0.0,1.0,1.0,0.0,1.100000023841858,0.0,1.4848432540893555,340.0005798339844,0.7441860437393188,0.125,2.434412717819214,2.172755479812622,0.7572590112686157,5
1780.0,0.05842696502804756,-73.50682830810547,0.6820250153541565,0.6623092889785767,0.22697454690933228,0.9502027034759521,34.116546630859375,9.091692924499512,0.0,1.0,2.0,0.0,1.100000023841858,0.0,1.4849261045455933,347.0689392089844,0.7471264600753784,0.22499999403953552,2.4303948879241943,2.1758127212524414,0.7576791644096375,5
1817.0,0.057237204164266586,-77.986083984375,0.6874651908874512,0.6622112989425659,0.22690746188163757,0.9514703154563904,34.170169830322266,9.077524185180664,0.0,1.0,3.0,0.0,1.100000023841858,0.0,1.4833983182907104,359.86077880859375,0.7505668997764587,0.32499998807907104,2.4297032356262207,2.174497127532959,0.7554317712783813,5
1856.0,0.05657327547669411,-81.85285186767578,0.692685604095459,0.660440981388092,0.22679637372493744,0.9525678753852844,34.18378829956055,9.077125549316406,0.0,1.0,2.0,0.0,1.100000023841858,0.0,1.4814410209655762,369.3950500488281,0.7544642686843872,0.22499999403953552,2.4307899475097656,2.173161506652832,0.7560043931007385,5
1885.0,0.05782493203878403,-87.42046356201172,0.6935483813285828,0.6627200841903687,0.230127215385437,0.959503173828125,34.16511535644531,9.09252643585205,0.0,1.0,1.0,0.0,0.800000011920929,0.0,1.483817219734192,380.5015869140625,0.7582417726516724,0.15000000596046448,2.4243152141571045,2.175365686416626,0.7650537490844727,5
1928.0,0.05705394223332405,-90.29898834228516,0.6951731443405151,0.6634406447410583,0.23002910614013672,0.9561269879341125,34.205467224121094,9.0869140625,0.0,1.0,1.0,0.0,0.800000011920929,0.0,1.483630657196045,388.39923095703125,0.7654584050178528,0.15000000596046448,2.4283554553985596,2.173778772354126,0.7623294591903687,5
1939.0,0.055183082818984985,-96.86404418945312,0.7040709853172302,0.6626001596450806,0.23132896423339844,0.9561566710472107,34.267086029052734,9.044567108154297,0.0,0.0,0.0,0.0,0.800000011920929,0.0,1.4805324077606201,394.0740051269531,0.7708333134651184,0.05000000074505806,2.43701171875,2.1702449321746826,0.7755740880966187,0
1952.0,0.05481557548046112,-103.7861557006836,0.7119171023368835,0.6632403135299683,0.23048700392246246,0.9543964862823486,34.278995513916016,9.088808059692383,0.0,0.0,0.0,0.0,0.800000011920929,0.0,1.4769948720932007,406.8102111816406,0.7750511169433594,0.05000000074505806,2.4353811740875244,2.1698126792907715,0.783419668674469,1
1961.0,0.05507394298911095,-110.5311508178711,0.7247422933578491,0.663144052028656,0.23102231323719025,0.9521922469139099,34.277442932128906,9.088197708129883,0.0,1.0,2.0,0.0,0.800000011920929,0.0,1.4777835607528687,413.02398681640625,0.7799999713897705,0.25,2.4380578994750977,2.170130491256714,0.7974227070808411,5
2005.0,0.054862841963768005,-113.7514877319336,0.7333333492279053,0.6644530892372131,0.2306988537311554,0.9475714564323425,34.28004455566406,9.092995643615723,0.0,1.0,1.0,0.0,0.800000011920929,0.0,1.4795960187911987,424.8136291503906,0.7838900089263916,0.15000000596046448,2.4392623901367188,2.1688578128814697,0.8010100722312927,0
